,Truth,ASR_Predict,LM_correct,LM_err,asr_wer,LM_wer
0,請各單位在一月十四號中午之前提供獎勵事由回覆計管組報告完畢,請各單位在一月十四號呃中午之前提供假意是由回復計管組報告完畢,請各單位在一月十四號呃中午之前提供獎勵事由回復計管組報告完畢,"[['假', '獎', 17, 18], ['意', '勵', 18, 19], ['是', '事', 19, 20]]",0.1724137931034483,0.06896551724137931
1,那重點是在固定式起重機升降機壓力容器及高壓氣體鋼瓶等,那重點是在固定死起中機新講積壓力用請及高壓請去剛評備,那重點是在固定期程的話有一些壓力喔或是說是要去做準備,"[['死', '期', 7, 8], ['起', '程', 8, 9], ['中', '的', 9, 10], ['機', '話', 10, 11], ['新', '有', 11, 12], ['講', '一', 12, 13], ['積', '些', 13, 14], ['用', '喔', 16, 17], ['請', '或', 17, 18], ['及', '是', 18, 19], ['高', '說', 19, 20], ['壓', '是', 20, 21], ['請', '要', 21, 22], ['剛', '做', 23, 24], ['評', '準', 24, 25]]",0.4615384615384616,0.6538461538461539
2,受到管制禁止停車那請宣導同仁要配合而且要注意,受到管室盡止停冊那請宣導同仁要配合那且要注意,請計管室禁止停車那請宣導同仁要配合而且要注意,"[['受', '請', 0, 1], ['到', '計', 1, 2], ['盡', '禁', 4, 5], ['冊', '車', 7, 8], ['那', '而', 17, 18]]",0.18181818181818185,0.13636363636363635
3,一請各單位在一月二十八號前中午完成一月份的報工,第一請各單位在一月八號前中午完成業份的報工,第一請各單位在一月八號前中午完成月份的報工,"[['業', '月', 16, 17]]",0.21739130434782608,0.17391304347826086
4,進行用戶接管的民挖作業那施工期間,進行用部呃結管林外作業那時光期間,進行院部的接焊稽核作業那春節期間,"[['用', '院', 2, 3], ['呃', '的', 4, 5], ['結', '接', 5, 6], ['管', '焊', 6, 7], ['林', '稽', 7, 8], ['外', '核', 8, 9], ['時', '春', 12, 13], ['光', '節', 13, 14]]",0.5,0.5625
5,好先行檢查那第二件事是本院那個廢污水的接,阿先行檢查那第二件事是喔本院那個備屋水,好先行檢查那第二件事是呃本院那個水密纜,"[['阿', '好', 0, 1], ['喔', '呃', 11, 12], ['備', '水', 16, 17], ['屋', '密', 17, 18], ['水', '纜', 18, 19]]",0.3,0.25
6,遙控組簡組長資材在資材組上線然後全員到齊報告完畢,遙控組簡組長資材在資材組上線然後全到齊報告完畢,遙控組簡組長資材在資材組上線然後全到齊報告完畢,[],0.041666666666666664,0.041666666666666664
7,呃院長室簽擬簽結的二級副主官以上長官的工作獎金,院長示簽以春節的二級副主管以上長官的工作獎金,院長室簽擬簽結的二級副主管以上長官的工作獎金,"[['示', '室', 2, 3], ['以', '擬', 4, 5], ['春', '簽', 5, 6], ['節', '結', 6, 7]]",0.2608695652173913,0.08695652173913043
8,一是一月十五及十六就是明後兩天院部工安室要到,一是一月十五即時六就行民後兩天令部工安室要到,一是一月十五號十六進是明後兩天院部工安室要到,"[['即', '號', 6, 7], ['時', '十', 7, 8], ['就', '進', 9, 10], ['行', '是', 10, 11], ['民', '明', 11, 12], ['令', '院', 15, 16]]",0.2272727272727273,0.09090909090909091
9,今天也會到那個遙導控組天齊及資材組等單位,今天也會到那個遙導控組織實及指材組簡單位,今天也會到那個遙導控組通信及資材組等單位,"[['織', '通', 11, 12], ['實', '信', 12, 13], ['指', '資', 14, 15], ['簡', '等', 17, 18]]",0.2,0.1
10,本所來執行本年度第一季的作業安全督檢,本所來執行本年度必一記的阿這業安全督件,本所來執行本年度第一季的的作業安全督檢,"[['必', '第', 8, 9], ['記', '季', 10, 11], ['阿', '的', 12, 13], ['這', '作', 13, 14], ['件', '檢', 18, 19]]",0.2777777777777778,0.05555555555555555
11,那第二件事是那個本院的廢污水的接管工程,那第二件事謝個本院的費屋室的提管工程,那第二件事那個本院的通次室的接管期程,"[['謝', '那', 5, 6], ['費', '通', 10, 11], ['屋', '次', 11, 12], ['提', '接', 14, 15], ['工', '期', 16, 17]]",0.3157894736842105,0.2631578947368421
12,及參與人員以利報工及加班的申請作業,及參與人員以利報公及加班的申請作業,及參與人員以利報工及加班的申請作業,"[['公', '工', 8, 9]]",0.05882352941176471,0.0
13,好從今天開始大概有兩三星期的時間會在,那從今天開始大概有兩三個星期時間會在,那從今天開始大概有兩三個星期時間會在,[],0.16666666666666666,0.16666666666666666
14,電子所三零七三零九還有本所三一零館,呃電子所三零七三零九還有本所三一名館,呃電子所三零七三零九還有本所三一零館,"[['名', '零', 16, 17]]",0.1176470588235294,0.058823529411764705
15,所長各位長官早工安組幾件事情提報,把所長各位長官早工安組阿幾件事性提報,呃所長各位長官早工安組有幾件事情提報,"[['把', '呃', 0, 1], ['阿', '有', 11, 12], ['性', '情', 15, 16]]",0.1875,0.125
16,承辦單位報告上次無管辦事項報告完畢,承辦單位報告上次無管辦事項報告完畢,承辦單位報告上次無管辦事項報告完畢,[],0.0,0.0
17,不要因為方便任意跨入管制區,好不要因為幫便院益畫入管制去,也不要因為方便把他納入管制內,"[['好', '也', 0, 1], ['幫', '方', 5, 6], ['院', '把', 7, 8], ['益', '他', 8, 9], ['畫', '納', 9, 10], ['去', '內', 13, 14]]",0.4615384615384616,0.38461538461538464
18,所長副所長各位長官大家好召開第二次晨會,所長副所長各位長官大家好召開第二次晨會,所長副所長各位長官大家好召開第二次晨會,[],0.0,0.0
19,承辦單位報告所長好報告所長回報人數,承辦單位報告週長好報告所長回報人數,承辦單位報告所長好報告所長回報人數,"[['週', '所', 6, 7]]",0.05882352941176471,0.0
20,好附近館舍的部份停車格會陸續的,阿附近管舍部份評的可能回陸續的,那附近的一部測評那可能是陸續的,"[['阿', '那', 0, 1], ['管', '的', 3, 4], ['舍', '一', 4, 5], ['份', '測', 6, 7], ['的', '那', 8, 9], ['回', '是', 11, 12]]",0.5333333333333333,0.6666666666666666
21,報告所長財務組本週無提報事項,報告所長財務組本週無提報事項,報告所長財務組本週無提報事項,[],0.0,0.0
22,而遭到糾舉還有影響安全,找到九據還有影響安全,遭到騷擾還有影響安全,"[['找', '遭', 0, 1], ['九', '騷', 2, 3], ['據', '擾', 3, 4]]",0.3636363636363637,0.2727272727272727
23,天頻吳主持人在計管組上線,天頻吳主持人在計管組上線,天頻吳主持人在計管組上線,[],0.0,0.0
24,精電組胡組長在電子戰組上線,精電組胡組長在電子戰組上線,精電組胡組長在電子戰組上線,[],0.0,0.0
25,由楊建文副主持人代理上線,由楊建文副主持人代理上線,由楊建文副主持人代理上線,[],0.0,0.0
26,那請相關單位配合那本組會在,那請相關單位配合那本組會在,那請相關單位配合那本組會在,[],0.0,0.0
27,全員到齊然後大成計畫,全元到齊然後大成計畫,全員到齊然後大成計畫,"[['元', '員', 1, 2]]",0.1,0.0
28,好請財務組黃組長,好請財務組黃組長,好請財務組黃組長,[],0.0,0.0
29,所長好今天應到三十一員,所長好今天應到三十一員,所長好今天應到三十一員,[],0.0,0.0
30,好現在請鍾計管組鍾組長,好加請中計管組鍾組長,好是請鍾計管組鍾組長,"[['加', '是', 1, 2], ['中', '鍾', 3, 4]]",0.2727272727272727,0.18181818181818182
31,好好請繼續,好好請繼續,好好請繼續,[],0.0,0.0
32,通信組導控組遙控組天頻專管組天齊專管組天齊系工組等六個單位,通信組導控組遙控組陳頻專管組天齊專管組天齊是工組本六個單位,通信組導控組遙控組天頻專管組天齊專管組天齊系工組等六個單位,"[['陳', '天', 9, 10], ['是', '系', 21, 22], ['本', '等', 24, 25]]",0.10344827586206896,0.0
33,將於明天明天由楊副所長帶隊前往辦理以上是一項報告報告完畢,將於明天喔你那有楊副所長拜對喔而前忙辦理第三十一項報告報告完畢,將於明天也請那個楊副所長針對我們這個辦理第三十一項報告報告完畢,"[['喔', '也', 4, 5], ['你', '請', 5, 6], ['有', '個', 7, 8], ['拜', '針', 12, 13], ['喔', '我', 14, 15], ['而', '們', 15, 16], ['前', '這', 16, 17], ['忙', '個', 17, 18]]",0.42857142857142855,0.4642857142857143
34,將簽奉副所長核定之需求規劃書含審查表送本組續辦報告完畢,將簽工副所長核定資需求規劃書安審查表重本組續辦報告完畢,將簽奉副所長核定之需求規劃書含審查表送本組續辦報告完畢,"[['工', '奉', 2, 3], ['資', '之', 8, 9], ['安', '含', 14, 15], ['重', '送', 18, 19]]",0.14814814814814814,0.0
35,呃所長還有各位長官早安品後組本周有一項報告那配合那個,呃所長還有各位長官早安龍品後組本週的一項報告喔那跟那個,呃所長還有各位長官早安喔品後組本週有一項報告喔那個那個,"[['龍', '喔', 11, 12], ['的', '有', 17, 18], ['跟', '個', 24, 25]]",0.2307692307692308,0.19230769230769232
36,八年研究試製的急單提案請各個需求單位在一月三十一號之前,八年研究是製的及團提案請各需求單位在一月三十一要之前,八年研究試製的急單提案請各需求單位在一月三十一號之前,"[['是', '試', 4, 5], ['及', '急', 7, 8], ['團', '單', 8, 9], ['要', '號', 23, 24]]",0.1851851851851852,0.037037037037037035
37,一零八年一月十五日上線將本院定額微額履約,一零八年一月十五日上線將本院定額唯有履約,一零八年一月十五日上線將本院定額微額履約,"[['唯', '微', 16, 17], ['有', '額', 17, 18]]",0.1,0.0
38,第三件是奉旨示將安排所長在一月二十三的上的下星期,第三件事是奉解是將安排所長在一月二三點上下事蹟,第三件事是奉一號將安排所長在一月二三的上的下午,"[['解', '一', 6, 7], ['是', '號', 7, 8], ['點', '的', 18, 19], ['下', '的', 20, 21], ['事', '下', 21, 22], ['蹟', '午', 22, 23]]",0.3333333333333333,0.25
39,那最後是所長剛指示的事項已洽詢該所的工安組組長,那最後謝所長剛解示的事項一搶詢開攝的工安組組長,那最後是所長剛指示的事項已洽詢該所的工安組組長,"[['謝', '是', 3, 4], ['解', '指', 7, 8], ['一', '已', 12, 13], ['搶', '洽', 13, 14], ['開', '該', 15, 16], ['攝', '所', 16, 17]]",0.2608695652173913,0.0
40,第一點本所各單位跨年度工令共有三十張分屬,第一點本所各單位跨年度工電共有三十張分屬,第一點本所各單位跨年度工令共有三十張分屬,"[['電', '令', 12, 13]]",0.05,0.0
41,所長各位副所長各位長官大家早本週無提報事項報告完畢,所長各位副所長各位長官大家早本週無提報事項報告完畢,所長各位副所長各位長官大家早本週無提報事項報告完畢,[],0.0,0.0
42,三及一月三十下下星期三兩天執行春節前的,三七月三次向想下事十三兩天執行春節前的,三一零洞下午及下禮拜三兩天執行春節前的,"[['七', '一', 1, 2], ['月', '零', 2, 3], ['三', '洞', 3, 4], ['次', '下', 4, 5], ['向', '午', 5, 6], ['想', '及', 6, 7], ['事', '禮', 8, 9], ['十', '拜', 9, 10]]",0.3684210526315789,0.42105263157894735
43,所長好各位長官大家好整規組本週一件事情提報那有關一百零,欸所長好各位長官大家好整規組本週一件事情提喔那有關一百零,欸所長好各位長官大家好整規組本週一件事情提報那有關一百零,"[['喔', '報', 21, 22]]",0.07407407407407407,0.037037037037037035
44,採購結果納入廠商評鑑管理請各單位配合報告完畢,採購結果納陸廠商評鑑管理請各單位配合報告完畢,採購結果納入廠商評鑑管理請各單位配合報告完畢,"[['陸', '入', 5, 6]]",0.045454545454545456,0.0
45,於本院研製修工作命令管理作業規定工令期程以,以本院延之行工作面軍定管理部作業規定公應期程議,以本院所執行工程與決策管理等作業規定及短期會議,"[['延', '所', 3, 4], ['之', '執', 4, 5], ['作', '程', 7, 8], ['面', '與', 8, 9], ['軍', '決', 9, 10], ['定', '策', 10, 11], ['部', '等', 13, 14], ['公', '及', 18, 19], ['應', '短', 19, 20], ['程', '會', 21, 22]]",0.5238095238095238,0.6190476190476191
46,安全衛生巡視那屆時請相關單位配合,安全威先巡視那屆時期相關單位配合,安室區的巡視那屆時請相關單位配合,"[['全', '室', 1, 2], ['威', '區', 2, 3], ['先', '的', 3, 4], ['期', '請', 9, 10]]",0.1875,0.1875
47,他還不知道狀況那會持續查明報告完畢,他還不指導狀況那會持續查理報告完畢,他還在協調狀況那會持續查理報告完畢,"[['不', '在', 2, 3], ['指', '協', 3, 4], ['導', '調', 4, 5]]",0.17647058823529413,0.23529411764705882
48,所長各位長官好資材組兩點報告,所長各位長官好資材組兩點報告,所長各位長官好資材組兩點報告,[],0.0,0.0
49,第二點物籌處供應商組預劃在,第二點物籌處供應商組預劃在,第二點物籌處供應商組預劃在,[],0.0,0.0
50,那我們辦理那個本所的高階主管的滿意度調查,那我們辦理那個本所的高階計管的滿意度調長,那我們辦理那個本所的高階主管的滿意度調查,"[['計', '主', 12, 13], ['長', '查', 19, 20]]",0.1,0.0
51,報告所長通信組本週無提報事項報告完畢,報告所長通信組本週無提報事項報告完畢,報告所長通信組本週無提報事項報告完畢,[],0.0,0.0
52,呃資通資通電軍副指揮官的行程喔,呃資通資電軍通副及會管的行程喔,呃資通資電軍的一個專案的工程喔,"[['通', '的', 6, 7], ['副', '一', 7, 8], ['及', '個', 8, 9], ['會', '專', 9, 10], ['管', '案', 10, 11], ['行', '工', 12, 13]]",0.3333333333333333,0.4666666666666667
53,電戰組本週無提報事項報告完畢,請電戰組本週無提報事項報告完畢,請電戰組本週無提報事項報告完畢,[],0.07142857142857142,0.07142857142857142
54,不超過一年為原則不符請檢討處理,超過一年委員則不服警檢討處理,超過一名會員均不接受行政處理,"[['年', '名', 3, 4], ['委', '會', 4, 5], ['則', '均', 6, 7], ['服', '接', 8, 9], ['警', '受', 9, 10], ['檢', '行', 10, 11], ['討', '政', 11, 12]]",0.3333333333333333,0.6
55,所長副所長各位長官大家早,所長副所長各位長官大家早,所長副所長各位長官大家早,[],0.0,0.0
56,好請品後組施組長,好請品後組施組長,好請品後組施組長,[],0.0,0.0
57,好請整規組盧組長,好請整規組盧組長,好請整規組盧組長,[],0.0,0.0
58,電戰組朱組長,電戰組朱組長,電戰組朱組長,[],0.0,0.0
59,好請資材組陳組長,好請資材組陳組長,好請資材組陳組長,[],0.0,0.0
60,你請他去問他們的所長,預起他去問他們所長,你請他去問他們所長,"[['預', '你', 0, 1], ['起', '請', 1, 2]]",0.3,0.1
61,好謝謝請柯主任,好謝謝請柯主任,好謝謝請柯主任,[],0.0,0.0
62,請導控組劉組長,請導控組劉組長,請導控組劉組長,[],0.0,0.0
63,請通信組廖組長,請通信組廖組長,請通信組廖組長,[],0.0,0.0
64,報告所長水科組一件事情提報本日下午海軍官校電機系參訪萬象館,報告所長水科組一件事情提報本日下午海軍官小電機器參訪萬象館,報告所長水科組一件事情提報本日下午海軍官校電機系參訪萬象館,"[['小', '校', 20, 21], ['器', '系', 23, 24]]",0.06896551724137931,0.0
65,報告所長各位長官大家早指管組無提報事項,報告所長各位長位大家擾本指管組無提報事項,報告所長各位長官大家早喔指管組無提報事項,"[['位', '官', 7, 8], ['擾', '早', 10, 11], ['本', '喔', 11, 12]]",0.15789473684210525,0.05263157894736842
66,呃剩下人目前的人員是八十三員以上報告完畢,呃剩下呃目前的人員四八十三員以上報告完畢,呃剩下人目前的人員是八十三員以上報告完畢,"[['呃', '人', 3, 4], ['四', '是', 9, 10]]",0.1,0.0
67,剩下一個四戰區四戰區現應該是這禮拜會打通,順這一個四戰區四算區確應該是這禮拜會保通,剩下一個四戰區預戰區現應該是這禮拜會打通,"[['順', '剩', 0, 1], ['這', '下', 1, 2], ['四', '預', 7, 8], ['算', '戰', 8, 9], ['確', '現', 10, 11], ['保', '打', 18, 19]]",0.25,0.05
68,呃報告所長呃計算機組兩件事情提報第一件事情,呃報告所長在計算機組兩件事情提報第一件事情,呃報告所長呃計算機組兩件事情提報第一件事情,"[['在', '呃', 5, 6]]",0.047619047619047616,0.0
69,呃勇捷專案我們上禮拜呃已經把,呃勇捷專末我們上禮拜呃已經把,呃勇捷專案我們上禮拜呃已經把,"[['末', '案', 4, 5]]",0.07142857142857142,0.0
70,報告所長資安防護組本週無提報事項報告完畢,報告所長資安防護組本週無提報事項報告完畢,報告所長資安防護組本週無提報事項報告完畢,[],0.0,0.0
71,所長各位副所長及各位同仁大家早,所長各位副所長本及各位同大等,所長各位副所長以及各位同仁喔,"[['本', '以', 7, 8], ['大', '仁', 12, 13], ['等', '喔', 13, 14]]",0.26666666666666666,0.26666666666666666
72,呃調派這個資安防護組呃本組,呃要派這個三安防護組呃本組,呃調派這個資安防護組呃本組,"[['要', '調', 1, 2], ['三', '資', 5, 6]]",0.15384615384615385,0.0
73,我們館裡面已經完成相關整備工作報告完畢,我們管裡面已經完成相關準備工作告完畢,我們館裡面已經完成相關準備了報告完畢,"[['管', '館', 2, 3], ['工', '了', 13, 14], ['作', '報', 14, 15]]",0.15789473684210525,0.15789473684210525
74,呃感謝所長昨天的指導我們順利完成,呃感謝所長昨天的指導我們實順利完成,呃感謝所長昨天的指導我們都順利完成,"[['實', '都', 12, 13]]",0.0625,0.0625
75,呃本週一月十六號將有三員,呃本週一月十六號將有三員,呃本週一月十六號將有三員,[],0.0,0.0
76,報告所長無提報事項報告完畢,喔報告所長無提報事項報報告完畢,呃報告所長無提報事項呃報告完畢,"[['喔', '呃', 0, 1], ['報', '呃', 10, 11]]",0.15384615384615385,0.15384615384615385
77,二戰區的也已經上線了那現在就是,二撰區的也已經算線了那現在個,二戰區的也已經上線了那我們也,"[['撰', '戰', 1, 2], ['算', '上', 7, 8], ['現', '我', 11, 12], ['在', '們', 12, 13], ['個', '也', 13, 14]]",0.26666666666666666,0.26666666666666666
78,呃報告所長那個玄武計畫一件事情報告,報告所長那個玄武計畫一件事情報告,報告所長那個玄武計畫一件事情報告,[],0.05882352941176471,0.058823529411764705
79,發呃呈上呈第二件事情本組,把的整上呈第二件事情本組,該呃的上呈第二件事情本組,"[['把', '該', 0, 1], ['的', '呃', 1, 2], ['整', '的', 2, 3]]",0.25,0.16666666666666666
80,報告所長亢龍計畫本週無提報事項,報告所長亢龍計畫本週無提報事項,報告所長亢龍計畫本週無提報事項,[],0.0,0.0
81,報告所長網戰組本週無提報事項報告完畢,報告所長網戰組本週無提報事項告完畢,報告所長網戰組本週無提報事報告完畢,"[['項', '報', 13, 14]]",0.05555555555555555,0.05555555555555555
82,導控組本週無提報事項報告完畢,導控組本週無提報事項報告完畢,導控組本週無提報事項報告完畢,[],0.0,0.0
83,呃報告所長精電組本週無提報事項,呃報告所長精電組本週無提報事項,呃報告所長精電組本週無提報事項,[],0.0,0.0
84,好謝謝請遙控組簡組長,好謝謝請遙控組簡組長,好謝謝請遙控組簡組長,[],0.0,0.0
85,報告所長水感組沒有提報事項,報告所長水感組沒有提報事項,報告所長水感組沒有提報事項,[],0.0,0.0
86,好請資安防護組蘇組長,好請資安防護組蘇組長,好請資安防護組蘇組長,[],0.0,0.0
87,亢龍計畫鄧副主持人,亢龍計畫鄧副主持人,亢龍計畫鄧副主持人,[],0.0,0.0
88,報告所長遙控組無提報事項,報告所長遙控組無提報事項,報告所長遙控組無提報事項,[],0.0,0.0
89,好網戰請網戰組吳組長,好網戰組請網戰組吳組長,好網戰組請網戰組吳組長,[],0.1,0.1
90,請玄武計畫毛主持人,好請玄武計畫毛主持人,好請玄武計畫毛主持人,[],0.1111111111111111,0.1111111111111111
91,好請水感組賴組長,好請水感組賴組長,好請水感組賴組長,[],0.0,0.0
92,請水科組梅組長,請水科組梅組長,請水科組梅組長,[],0.0,0.0
93,人工智慧組湯組長,人工智慧組湯組長,人工智慧組湯組長,[],0.0,0.0
94,請計算機組陳組長,請計算機組陳組長,請計算機組陳組長,[],0.0,0.0
95,好請指管組王組長,好請指管組王組長,好請指管組王組長,[],0.0,0.0
96,那個整規組盧組長儘速安排本人來主持這個會議召集相關人員報告完畢,那個整規組盧組長儘速安排的人來主持這個會議早底相關人員報告完畢,那個整規組盧組長儘速安排本人來主持這個會議召集相關人員報告完畢,"[['的', '本', 12, 13], ['早', '召', 21, 22], ['底', '集', 22, 23]]",0.0967741935483871,0.0
97,呃洞九三洞那個通次室邀請邀訪參邀請參訪NCC的監控中心,呃動九申動應該通次室邀請要長差的要請參訪分信息結跟心,活動的活動那個通次室也是要隨時的邀請各單位信息組參加,"[['呃', '活', 0, 1], ['九', '的', 2, 3], ['申', '活', 3, 4], ['應', '那', 5, 6], ['該', '個', 6, 7], ['邀', '也', 10, 11], ['請', '是', 11, 12], ['長', '隨', 13, 14], ['差', '時', 14, 15], ['要', '邀', 16, 17], ['參', '各', 18, 19], ['訪', '單', 19, 20], ['分', '位', 20, 21], ['結', '組', 23, 24], ['跟', '參', 24, 25], ['心', '加', 25, 26]]",0.6296296296296297,0.7777777777777778
98,那個那個主持人那個中午喔我要陪葛副到水科組,那個那個主持那個週五號我要配葛副到水科組,那個那個主持人個週五喔我要配葛副到水科組,"[['那', '人', 6, 7], ['號', '喔', 10, 11]]",0.2380952380952381,0.19047619047619047
99,所長各位長官大家早公關呂主任一件事情報告,所長各位長官大家早公關呂主任一件事情報告,所長各位長官大家早公關呂主任一件事情報告,[],0.0,0.0
100,報告所長及各位長官乾元計畫三點提報第一點本週三,報告所長及各位長官乾元計畫三點提報第一點本週三,報告所長及各位長官乾元計畫三點提報第一點本週三,[],0.0,0.0
101,欸元昊訓場那細節我們會再跟國防部聯繫第三點本週五,欸也號訓場那謝謝會在跟廣防部理性第三點本週五,欸七昊訓場那感謝所長的呃協助安排第三點本週五,"[['也', '七', 1, 2], ['號', '昊', 2, 3], ['謝', '感', 6, 7], ['會', '所', 8, 9], ['在', '長', 9, 10], ['跟', '的', 10, 11], ['廣', '呃', 11, 12], ['防', '協', 12, 13], ['部', '助', 13, 14], ['理', '安', 14, 15], ['性', '排', 15, 16]]",0.4166666666666667,0.5416666666666666
102,那個台中支援國軍執行戰力防護實兵演練報告完畢,那個開中科員國已軍核組辦理防務這邊演年報告完畢,那召開水科組或空稽核組辦理財務這邊五點報告完畢,"[['個', '召', 1, 2], ['中', '水', 3, 4], ['員', '組', 5, 6], ['國', '或', 6, 7], ['已', '空', 7, 8], ['軍', '稽', 8, 9], ['防', '財', 13, 14], ['演', '五', 17, 18], ['年', '點', 18, 19]]",0.5454545454545454,0.8181818181818182
103,遵所長指示指導本所的行銷創意請,遵所長指示指導本所的行銷創意請,遵所長指示指導本所的行銷創意請,[],0.0,0.0
104,下午夭三三洞國防產業協會會舉辦產業報告,下午要三山動國防產業行會會舉辦前報告,下午夭三三洞國防產業協會會舉產業報告,"[['要', '夭', 2, 3], ['山', '三', 4, 5], ['動', '洞', 5, 6], ['行', '協', 10, 11], ['辦', '產', 14, 15], ['前', '業', 15, 16]]",0.3157894736842105,0.05263157894736842
105,目前暫定那個帶隊長官是次長那我們會配合辦理報告完畢,目前暫定那個帶隊長官事次長那我們會配辦報告完畢,目前暫定那個帶隊長官是次長那我們會配辦報告完畢,"[['事', '是', 10, 11]]",0.12,0.08
106,那現在主要是卡在一個海軍,那現在主要呃是考的一個海軍,那現在主要就是他們一個海軍,"[['呃', '就', 5, 6], ['考', '他', 7, 8], ['的', '們', 8, 9]]",0.25,0.25
107,呃一樣是本週三下午預排國防會廖主任要參訪,呃一下是本週三下午預颱國防會要主為要參訪,呃一樣是本週三下午預排國防會廖主任要參訪,"[['下', '樣', 2, 3], ['颱', '排', 10, 11], ['要', '廖', 14, 15], ['為', '任', 16, 17]]",0.2,0.0
108,還沒核定戰情網喔把他拉出來到,阿沒核定戰清網喔把他拉出來到,還沒核定戰情網喔把他拉出來到,"[['阿', '還', 0, 1], ['清', '情', 5, 6]]",0.14285714285714285,0.0
109,所長各位長官大家好天頻計畫本週無提報事項,各位長官報告天頻計畫本週無提報事項,各位長官報告天頻計畫本週無提報事項,[],0.25,0.25
110,並邀請本領域參加本本領域配合辦理第二點,並邀請本領參加本本領個點半第二點,並邀請本人參加資材組一點那第二點,"[['領', '人', 4, 5], ['本', '資', 7, 8], ['本', '材', 8, 9], ['領', '組', 9, 10], ['個', '一', 10, 11], ['半', '那', 12, 13]]",0.3157894736842105,0.5263157894736842
111,部份我們還在跟海軍協商如果他核定我們應該,不份我們還在跟海軍協上如果他核定我們在,部份我們還在跟海軍協商如果他核定我們應,"[['不', '部', 0, 1], ['上', '商', 10, 11], ['在', '應', 18, 19]]",0.2,0.05
112,到那個整個ＩＳＳＩＳＳ系統上,到那個整個日是一系統上那這,把那個整個也打到系統上去了,"[['到', '把', 0, 1], ['日', '也', 5, 6], ['是', '打', 6, 7], ['一', '到', 7, 8], ['那', '去', 11, 12], ['這', '了', 12, 13]]",0.5714285714285714,0.6428571428571429
113,所以說我就沒辦法參加NCC了,所以說我用沒報參加習血,所以說就是要多強加自己,"[['我', '就', 3, 4], ['用', '是', 4, 5], ['沒', '要', 5, 6], ['報', '多', 6, 7], ['參', '強', 7, 8], ['習', '自', 9, 10], ['血', '己', 10, 11]]",0.5,0.6428571428571429
114,報告所長天齊計畫本週無報告事項報告完畢,報告所長天齊計畫本週無提報事項報告完畢,報告所長天齊計畫本週無提報事項報告完畢,[],0.10526315789473684,0.10526315789473684
115,好謝謝請大成計畫楊副主持人,好謝謝請大成計畫楊副主持人,好謝謝請大成計畫楊副主持人,[],0.0,0.0
116,好請天齊計畫翁主持人,查請天齊計畫翁主持人,好請天齊計畫翁主持人,"[['查', '好', 0, 1]]",0.1,0.0
117,謝謝請天頻計畫吳主持人,好謝謝天頻計畫吳主持人,好謝謝天頻計畫吳主持人,[],0.18181818181818185,0.18181818181818182
118,這禮拜就可以把四戰區也整個上線報告完畢,這禮拜就可以保持立也正的上線報告完畢,這禮拜就可以請兩個真正的上線報告完畢,"[['保', '請', 6, 7], ['持', '兩', 7, 8], ['立', '個', 8, 9], ['也', '真', 9, 10]]",0.3157894736842105,0.3684210526315789
119,好請公關呂主任,那請公關呂主任,那請公關呂主任,[],0.14285714285714285,0.14285714285714285
120,報告所長本週沒有報告事項,報告所長本週沒有報告事項,報告所長本週沒有報告事項,[],0.0,0.0
121,請王副所長,好請王副所長,好請王副所長,[],0.2,0.2
122,報告所長今天主持人帶隊到,報告所長電組這人在就到,報告所長本組派人阿實施,"[['電', '本', 4, 5], ['這', '派', 6, 7], ['在', '阿', 8, 9], ['就', '實', 9, 10], ['到', '施', 10, 11]]",0.5,0.5833333333333334
123,好請乾元計畫廖主持人,好請乾元計畫廖主持人,好請乾元計畫廖主持人,[],0.0,0.0
124,好請黃益進黃副所長,好請黃益進黃副所長,好請黃益進黃副所長,[],0.0,0.0
125,報告所長本週無提報事項,報告所長本週無提報事項,報告所長本週無提報事項,[],0.0,0.0
126,報告所長本週無提報事項,報告所長本週無提報事項,報告所長本週無提報事項,[],0.0,0.0
127,好請楊副所長,好請楊副所長,好請楊副所長,[],0.0,0.0
128,那個今天那個院長在晨會裡面有講那個全院的火銷爐都已經建置完成,那個今天那個院長在晨會裡面有講那個全面的火銷錄都已經建置完成,那個今天那個院長在晨會裡面有講那個全院的火銷爐都已經建置完成,"[['面', '院', 18, 19], ['錄', '爐', 22, 23]]",0.06666666666666668,0.0
129,這個年這就是一百零八年開始喔各單位陸續在反應人力不足,這個年這就是一百零八年開始喔各單位陸續在反應能力不足,這個年這就是一百零八年開始喔各單位陸續在反應人力不足,"[['能', '人', 22, 23]]",0.038461538461538464,0.0
130,那希望所有同仁能夠愛護裝備然後能夠確實的去做使用,那希望所同仁能夠愛物裝備後能夠確實的去做使用,那希望說同仁能夠愛護裝備喔能夠確實的去做使用,"[['所', '說', 3, 4], ['物', '護', 9, 10], ['後', '喔', 12, 13]]",0.125,0.16666666666666666
131,就是讓就是不要產生那麼多沒有必要的機敏的書面資料,就是讓就是不要產生那麼多沒有必要的機敏的書面資料,就是讓就是不要產生那麼多沒有必要的機敏的書面資料,[],0.0,0.0
132,呃電戰電戰領域有兩項裝備就是靖虹跟磐石裝備目前在,呃電戰電戰領域有兩項裝備那個進同跟磐示裝備呃目前在,呃電戰電戰領域有兩項裝備那個通信的展示裝備呃目前在,"[['進', '通', 14, 15], ['同', '信', 15, 16], ['跟', '的', 16, 17], ['磐', '展', 17, 18]]",0.25,0.3333333333333333
133,的方式去做那如果不會做的話一定要去請那個參加,的方式去做那如果不會做的話一定要去請那個參加,的方式去做那如果不會做的話一定要去請那個參加,[],0.0,0.0
134,那有一則比較正面性的報導那個比較簡單就就因應了,那有一則是比較正面性的報導那個比較檢安就九因應的,那有一則比比較正面性的報導那個比較簡單就就因應了,"[['是', '比', 4, 5], ['檢', '簡', 17, 18], ['安', '單', 18, 19], ['九', '就', 20, 21], ['的', '了', 23, 24]]",0.21739130434782608,0.043478260869565216
135,那所有的這邊要跟組長還有計畫主持人做報告的是,那所有的這邊要跟署組長還有計畫主主持人做報告的是,那所有的這邊要跟組組長還有計畫畫主持人做報告的是,"[['署', '組', 8, 9], ['主', '畫', 15, 16]]",0.09090909090909093,0.09090909090909091
136,所有的新聞應處喔一定要在第一時間提供資料,所有的新聞應處喔一定要在第一時間齊中資料,所有的新聞應處喔一定要在第一時間集集資料,"[['齊', '集', 16, 17], ['中', '集', 17, 18]]",0.1,0.1
137,另外院長也提醒喔我們很多資料都具有機敏性,另外院長也提醒喔我們很多資料都是具有機敏性,另外院長也提醒喔我們很多資料都不具有機敏性,"[['是', '不', 15, 16]]",0.05,0.05
138,國防部都很重視所以說請各位喔那個在,王防部都很重視所以說請各位喔那個在,國防部都很重視所以說請各位喔那個在,"[['王', '國', 0, 1]]",0.05882352941176471,0.0
139,那請同仁盡量要作到那個無紙化,那請同仁盡量要做到那個無指畫,那請同仁盡量要聽到那個羅計畫,"[['做', '聽', 7, 8], ['無', '羅', 11, 12], ['指', '計', 12, 13]]",0.21428571428571427,0.2857142857142857
140,那很感謝計算機組陳組長喔馬上配合來做澄清,那很感謝計算機組陳組長喔馬上配合來做成清,那很感謝計算機組陳組長喔馬上配合來做澄清,"[['成', '澄', 18, 19]]",0.05,0.0
141,休假期間的手機一定保持暢通,休假期間的手機喔一定要保持暢頭,休假期間的手機喔一定要保持暢通,"[['頭', '通', 14, 15]]",0.2307692307692308,0.15384615384615385
142,那這禮拜有處理兩則喔那個新聞議題,那這禮拜有處理兩則喔那個新聞議題,那這禮拜有處理兩則喔那個新聞議題,[],0.0,0.0
143,針對那個呃海岸監控系統要去跟他作個說明,針對那個安安全後系同仁給跟他同的工,針對那個資安跟管制同仁要做不同的作,"[['安', '資', 4, 5], ['全', '跟', 6, 7], ['後', '管', 7, 8], ['系', '制', 8, 9], ['給', '要', 11, 12], ['跟', '做', 12, 13], ['他', '不', 13, 14], ['工', '作', 16, 17]]",0.631578947368421,0.7368421052631579
144,尤其是對於負面報導的因為這國防部,尤其是多於午面報導呃因為的國防部,尤其是對於負面報導的因為這國防部,"[['多', '對', 3, 4], ['午', '負', 5, 6], ['呃', '的', 9, 10], ['的', '這', 12, 13]]",0.25,0.0
145,好這邊有幾件事情跟各位做報告,好那這邊有幾件事情跟各位做報告,好那這邊有幾件事情跟各位做報告,[],0.07142857142857142,0.07142857142857142
146,在五戰區那個戰力與防護實兵演練,是五戰區的那個戰命一保務室裡演練喔,在五戰區的那個萬象館場的場育演練喔,"[['是', '在', 0, 1], ['戰', '萬', 7, 8], ['命', '象', 8, 9], ['一', '館', 9, 10], ['保', '場', 10, 11], ['務', '的', 11, 12], ['室', '場', 12, 13], ['裡', '育', 13, 14]]",0.6,0.6
147,好謝謝好請黃副所長,好謝謝好請黃副所長,好謝謝好請黃副所長,[],0.0,0.0
148,有第有第二則喔就是比較負面的報導,有地有第二者喔就是比較負面的報導,有第有第二則喔就是比較負面的報導,"[['地', '第', 1, 2], ['者', '則', 5, 6]]",0.125,0.0
149,參加過受訓的人來做第一次教導,參加過收訓的人喔來做第一直交導,參加過受訓的人喔來做第一次教導,"[['收', '受', 3, 4], ['直', '次', 12, 13], ['交', '教', 13, 14]]",0.2857142857142857,0.07142857142857142
150,這是第一件事情第二件事情,這是第一件事情第二件事情,這是第一件事情第二件事情,[],0.0,0.0
151,這是今天院長在晨會說的,這是今天院長的晨為說的,這是今天院長在晨會說的,"[['的', '在', 6, 7], ['為', '會', 8, 9]]",0.18181818181818185,0.0
152,呃所長好一件事情報告那今天,呃所長好一件事情報告那今天,呃所長好一件事情報告那今天,[],0.0,0.0
153,欸派員到演習區來支援,欸派員到引視去來支援,欸派員到陸軍發校支援,"[['引', '陸', 4, 5], ['視', '軍', 5, 6], ['去', '發', 6, 7], ['來', '校', 7, 8]]",0.3,0.4
154,對對因為這個葛副說要給他們試用,這個因為這葛副所要非他們試用,這個因為這葛副說要給他們試用,"[['所', '說', 7, 8], ['非', '給', 9, 10]]",0.3333333333333333,0.2
155,報告所長本週沒有提報事項,報告所長本週沒有提報事項,報告所長本週沒有提報事項,[],0.0,0.0
156,因為我這禮拜有要去拜會他就是,那我這禮拜那去報會他的,呃我這禮拜要去開會他的,"[['那', '呃', 0, 1], ['那', '要', 5, 6], ['報', '開', 7, 8]]",0.5,0.42857142857142855
157,呃支援他們作戰區的演練,呃資援他們專區的演練,呃支援他們營區的演練,"[['資', '支', 1, 2], ['專', '營', 5, 6]]",0.2727272727272727,0.18181818181818182
158,那目前裝備都正常報告完畢,那目前裝備都正常報告完畢,那目前裝備都正常報告完畢,[],0.0,0.0
159,請丁副所長,請丁副所長,請丁副所長,[],0.0,0.0
160,那我這邊請計管組你你召開一個會議那然後就是由組長,那這邊請計管組喔畢你以召開一的會議然後就是有組長,那這邊請計管組組長你你召開一個會議然後就是由組長,"[['喔', '組', 7, 8], ['畢', '長', 8, 9], ['以', '你', 10, 11], ['的', '個', 14, 15], ['有', '由', 21, 22]]",0.2916666666666667,0.16666666666666666
161,那另外的話那個乾元計畫有建議希望我們能夠獲得一零四的,那另外的話那個乾元計畫有建議希望我們能夠獲的一零四的,那另外的話那個乾元計畫有建議希望我們能夠獲得一零四的,"[['的', '得', 21, 22]]",0.038461538461538464,0.0
162,這個是第三件事情第四件事情喔那個,這個是第三件事情第四件事情喔那個,這個是第三件事情第四件事情喔那個,[],0.0,0.0
163,這個兩個領域的幹部喔一定要確實維持我們裝備的可用性,這兩個領域的幹部喔一定要確實維持我們裝備的可用信,這兩個領域的幹部喔一定要確實維持我們裝備的可用性,"[['信', '性', 23, 24]]",0.08,0.04
164,然後玄武由黃忠良副主持人在電戰組上線,然後玄武由黃忠良副主持人在電戰組上線,然後玄武由黃忠良副主持人在電戰組上線,[],0.0,0.0
165,我們比較年長的同仁一定請他們做好身心,我們比較年長的同仁一定要請他們做好申請,我們比較年長的同仁一定要請他們做好準備,"[['申', '準', 17, 18], ['請', '備', 18, 19]]",0.16666666666666666,0.16666666666666666
166,搜尋在求職的人力然後邀請他們來報考,收尋在求指的人力然後邀請他們來報考,搜尋在求職的人力然後邀請他們來報考,"[['收', '搜', 0, 1], ['指', '職', 4, 5]]",0.1176470588235294,0.0
167,另外請同仁在於工作場所一定要遵守工作場所的,另外請同仁在於工作場所一定要遵所工作場所,另外請同仁在於工作場所一定要守護工作場所,"[['遵', '守', 14, 15], ['所', '護', 15, 16]]",0.09523809523809523,0.14285714285714285
168,電子戰網路戰通知是尤其是總長喔對這個,電子戰網路戰喔通知室尤其是總長喔的這個,電子戰網路戰請通知是尤其是總長喔的這個,"[['喔', '請', 6, 7], ['室', '是', 9, 10]]",0.16666666666666666,0.1111111111111111
169,關懷同仁尤其是在氣溫變化劇烈的情況之下,關懷同仁尤其在氣溫邊話具備的情況之下,關懷同仁尤其在電話電話騷擾的情況之下,"[['氣', '電', 7, 8], ['溫', '話', 8, 9], ['邊', '電', 9, 10], ['具', '騷', 11, 12], ['備', '擾', 12, 13]]",0.2631578947368421,0.3684210526315789
170,同時要要注意對軍種的應對要,那同時要要注意對軍種的應對要,那同時要要注意對軍種的應對要,[],0.07692307692307693,0.07692307692307693
171,計畫主持人副所長一起參加我們來討論一下,計畫主持人副所長以起參加我們那好論一下,計畫主持人副所長一起參加我們來討論一下,"[['以', '一', 8, 9], ['那', '來', 14, 15], ['好', '討', 15, 16]]",0.15789473684210525,0.0
172,好如果沒有問題的話今天晨會就到此結束謝謝各位的參與,好如果沒有問題的話今天晨會就到時結束謝謝各位的參與,好如果沒有問題的話今天晨會就到此結束謝謝各位的參與,"[['時', '此', 15, 16]]",0.04,0.0
173,今天應到三十二員除丁副所長公差,今天應到三十二員除丁副所長公差,今天應到三十二員除丁副所長公差,[],0.0,0.0
174,或是說那個招募狀況不佳,我是說配那個招募狀況不佳,或是說是那個招募狀況不佳,"[['我', '或', 0, 1], ['配', '是', 3, 4]]",0.18181818181818185,0.09090909090909091
175,第三件事情是年關將近喔那請各,第三件事情是年關將近喔那請各,第三件事情是年關將近喔那請各,[],0.0,0.0
176,承辦單位報告報告大黃副所長回報人數,承辦單位報告報告大黃副所長回報人數,承辦單位報告報告大黃副所長回報人數,[],0.0,0.0
177,各單位主官要落實走動式管理,各單位主管納落實走動式管理,各單位主管要落實走動式管理,"[['納', '要', 5, 6]]",0.15384615384615385,0.07692307692307693
178,用管共費來租用這個帳號來做使用,用管工會來租用這個做好來做使用,希望大家來租據這個方式來做應用,"[['用', '希', 0, 1], ['管', '望', 1, 2], ['工', '大', 2, 3], ['會', '家', 3, 4], ['用', '據', 6, 7], ['做', '方', 9, 10], ['好', '式', 10, 11], ['使', '應', 13, 14]]",0.26666666666666666,0.5333333333333333
179,這以上四件事情在這邊做報告不曉得各位還有什麼問題,所以上四件事情在這個做報告不曉得各位還有沒有什麼問題,這以上四件事情在這邊做報告不曉得各位還有沒有什麼問題,"[['所', '這', 0, 1], ['個', '邊', 9, 10]]",0.16666666666666666,0.08333333333333333
180,然後更能夠來能滿足各單位的需求,然後更能夠來滿足各單位的需求,然後更能夠來滿足各單位的需求,[],0.06666666666666668,0.06666666666666667
181,做好我們的客戶滿意滿意度的基本要求,做好我們的科滿你百一度基本要求,做好我們的做法關是一個基本要求,"[['科', '做', 5, 6], ['滿', '法', 6, 7], ['你', '關', 7, 8], ['百', '是', 8, 9], ['度', '個', 10, 11]]",0.35294117647058826,0.47058823529411764
182,一定要請他們做好那個就是做保暖,一定要請他們做好那個就是做保覽,一定要請他們做好那個就是做保暖,"[['覽', '暖', 14, 15]]",0.06666666666666668,0.0
183,這個也是請計管組來去做做一些,這個之請計管組來去做做一些,這個是請計管組來去做做一些,"[['之', '是', 2, 3]]",0.14285714285714285,0.07142857142857142
184,戰力如何發揮都很重視那請,專例如何發揮都很重視那請,戰力如何發揮都很重視那請,"[['專', '戰', 0, 1], ['例', '力', 1, 2]]",0.16666666666666666,0.0
185,那我再請計管組你們去評估一下那個帳號多少錢,那後是請計管組些評估一下那個戰號多畫前,然後是請計管組你評估一下那個帳號的情況,"[['那', '然', 0, 1], ['些', '你', 7, 8], ['戰', '帳', 14, 15], ['多', '的', 16, 17], ['畫', '情', 17, 18], ['前', '況', 18, 19]]",0.3809523809523809,0.38095238095238093
186,我們如何讓我們的招募更有效率,我們如何讓我們招入更有效率,我們如何讓我們招募更有效率,"[['入', '募', 8, 9]]",0.14285714285714285,0.07142857142857142
187,帳號讓我們能夠主動去搜尋,上喔那我們能夠組報去收尋,聲望說我們能夠儘快去修改,"[['上', '聲', 0, 1], ['喔', '望', 1, 2], ['那', '說', 2, 3], ['組', '儘', 7, 8], ['報', '快', 8, 9], ['收', '修', 10, 11], ['尋', '改', 11, 12]]",0.5,0.5833333333333334
188,遙控組簡組長在資材組上線,遙控組簡組長在資材組上線,遙控組簡組長在資材組上線,[],0.0,0.0
189,紀律要維護工作場所的安全,器律喔要維護工作場所的安全,紀律喔要維護工作場所的安全,"[['器', '紀', 0, 1]]",0.16666666666666666,0.08333333333333333
190,然後我們所裡面可不可以,然後我們所裡面可不對,然後我們所裡面對針對,"[['可', '對', 7, 8], ['不', '針', 8, 9]]",0.18181818181818185,0.36363636363636365
191,好請說,好請說,好請說,[],0.0,0.0
192,那這點也請各位有參加院部量產計畫或手頭上有量產計畫的各單位要趕快務實檢討,那這邊也請各位有參加院部量本計畫或所合會有象成計畫的各單位要趕快務時檢討,那這邊也請各位有參加院部產業計畫或或是沒有完成計畫的各單位要趕快務實檢討,"[['量', '產', 12, 13], ['本', '業', 13, 14], ['所', '或', 17, 18], ['合', '是', 18, 19], ['會', '沒', 19, 20], ['象', '完', 21, 22], ['時', '實', 33, 34]]",0.2222222222222222,0.2222222222222222
193,那這個事情喔院長希望各單位要全力配合之外要先檢討是不是有窒礙的問題,那這個事情喔院長希望各單位要全力配合之外那先檢討是有四礙的問題,那這個事情喔院長希望各單位要全力配合之外要先檢討還有窒礙的問題,"[['那', '要', 20, 21], ['是', '還', 24, 25], ['四', '窒', 26, 27]]",0.12121212121212124,0.09090909090909091
194,阿今天院長的擴大晨會特別提到三點要各所中心全力配合的,呃今天院長擴大晨會特別提到三點要各所中心喔全力配合的,阿今天院長擴大晨會特別提到三點要各所中心喔全力配合的,"[['呃', '阿', 0, 1]]",0.1153846153846154,0.07692307692307693
195,那最後一點第三點就是這兩個星期是漢光演習如火如荼展開的時間,那最二點第三點就是這案的星期是漢光演習如果副組長他的時間,那最二點第三點就是本週的星期是漢光演習因為副局長辦的時間,"[['這', '本', 9, 10], ['案', '週', 10, 11], ['如', '因', 19, 20], ['果', '為', 20, 21], ['組', '局', 22, 23], ['他', '辦', 24, 25]]",0.3103448275862069,0.3793103448275862
196,阿這個我想跟本所的那個目前進行的一個作業是一樣的,喔自有我想跟本所的那員目前進行的一個作業事一樣了,喔另外我想跟本所的人員目前進行的一個作業是一樣的,"[['自', '另', 1, 2], ['有', '外', 2, 3], ['那', '人', 9, 10], ['事', '是', 20, 21], ['了', '的', 23, 24]]",0.25,0.20833333333333334
197,那計管組的科資小組開發了人才招募系統上週五也完成教育訓練,那計管組科技小組開發人才招募系統上週五也完成教育訓練,那計管組科資小組開發人才招募系統上週五也完成教育訓練,"[['技', '資', 5, 6]]",0.10714285714285714,0.07142857142857142
198,早上所長因為到台北出公差那他有交待三件事情,好黃導告所長為到差員公差那他有交待三件事情,好是報告所長要到院部公差那他有交待三件事情,"[['黃', '是', 1, 2], ['導', '報', 2, 3], ['為', '要', 6, 7], ['差', '院', 8, 9], ['員', '部', 9, 10]]",0.3809523809523809,0.42857142857142855
199,好各位副所長公關主任各位主持人組長大家早,喔喔呃規劃國副所長羅工防主任呃主人組長查要,對象個企韓的副所長或國企主任的主任的審批中,"[['喔', '對', 0, 1], ['喔', '象', 1, 2], ['呃', '個', 2, 3], ['規', '企', 3, 4], ['劃', '韓', 4, 5], ['國', '的', 5, 6], ['羅', '或', 9, 10], ['工', '國', 10, 11], ['防', '企', 11, 12], ['呃', '的', 14, 15], ['人', '任', 16, 17], ['組', '的', 17, 18], ['長', '審', 18, 19], ['查', '批', 19, 20], ['要', '中', 20, 21]]",0.75,0.9
200,要到本院來檢討本院的量產計畫的量產進度,要到本院來檢討本院的量產計畫的量成進度,要到本院來檢討本院的量產計畫的量產進度,"[['成', '產', 16, 17]]",0.05263157894736842,0.0
201,由其對三個月的試用期間要嚴加考核,尤其對三個月的使用期間要研加考核,尤其對三個月的試用期間要嚴加考核,"[['使', '試', 7, 8], ['研', '嚴', 12, 13]]",0.1875,0.0625
202,來院五年內的新進人員的經驗傳承機制的滿意度調查,來院五年內的新進人員的經驗傳承機制的滿意度調查,來院五年內的新進人員的經驗傳承機制的滿意度調查,[],0.0,0.0
203,承辦單位報告上次無承辦管辦項目報告完畢,承辦單位報告上次無承辦管辦項目報告完畢,承辦單位報告上次無承辦管辦項目報告完畢,[],0.0,0.0
204,那這個系統開放時間是從五月十七號到五月二十二號的中午會關閉,那這個系統開放時間事從五件十七號到五月二十號的中午會關閉,那這個系統開放時間是從五月十七號到五月二十號的中午會關閉,"[['事', '是', 9, 10], ['件', '月', 12, 13]]",0.10344827586206896,0.034482758620689655
205,請各位組長上系統書審初試完成推薦表,請各位組長上系統新審出示完成推薦表,請各位組長上系統書審方式完成推薦表,"[['新', '書', 8, 9], ['出', '方', 10, 11], ['示', '式', 11, 12]]",0.17647058823529413,0.11764705882352941
206,那第二點最近本院各所中心新進人員非常多,那第二點最近本院各組中心新進人員會常多,那第二點最近本院各所中心新進人員非常多,"[['組', '所', 9, 10], ['會', '非', 16, 17]]",0.10526315789473684,0.0
207,也要求呃幹部要注意整個的安全跟保密,也要求呃幹部要注意整個的安全跟保密,也要求呃幹部要注意整個的安全跟保密,[],0.0,0.0
208,資安組蘇組長在人工智慧組上線實到三十一員報告完畢,資安組蘇組長在人工智慧組上線實到三十一員報告完畢,資安組蘇組長在人工智慧組上線實到三十一員報告完畢,[],0.0,0.0
209,院長特別要求要落實工作的訓練,院長特別邀求要落實工作的訓練,院長特別要求要落實工作的訓練,"[['邀', '要', 4, 5]]",0.07142857142857142,0.0
210,對新進同仁的那個三個月的那個試用期的考核要落實,對新進工仁的那個三個月的那月適用期的討要落實,對新進同仁的那個三個月的那個試用期的核核落喔,"[['工', '同', 3, 4], ['月', '個', 13, 14], ['適', '試', 14, 15], ['討', '核', 18, 19], ['要', '核', 19, 20], ['實', '喔', 21, 22]]",0.21739130434782608,0.13043478260869565
211,二為了配合企劃處呃問卷那個,二為了配合企畫處呃問卷那個,二為了配合企畫處呃問卷那個,[],0.07692307692307693,0.07692307692307693
212,那院長除了要求呃同仁全力配合之外,那院長除了要求呃同仁全力配合之外,那院長除了要求呃同仁全力配合之外,[],0.0,0.0
213,主席副所長各位長官大家好召開第十四次晨會,主席副所長各位長官大家好召開第十施次晨會,主席副所長各位長官大家好召開第十四次晨會,"[['施', '四', 16, 17]]",0.05,0.0
214,第一點阿國安會從這個月開始,第一點那國安會從這個月開始,第一點那國安會從這個月開始,[],0.07692307692307693,0.07692307692307693
215,呃本所一百零八年人才招募在五月十號公告,呃本所一百零八年人才招募在五月十號公長,呃本所一百零八年人才招募在五月十號公告,"[['長', '告', 18, 19]]",0.05263157894736842,0.0
216,呃以上三點是今天擴大晨會院長的要求,喔以上三點是先擴來晨會院長會要求,呃以上三點事情下午晨會院長有要求,"[['喔', '呃', 0, 1], ['是', '事', 5, 6], ['先', '情', 6, 7], ['擴', '下', 7, 8], ['來', '午', 8, 9], ['會', '有', 13, 14]]",0.29411764705882354,0.35294117647058826
217,如果有窒礙的問題要呃率先提出來,如果有窒案的問題要呃所先提出來,如果有窒礙的問題要呃率先提出來,"[['案', '礙', 4, 5], ['所', '率', 10, 11]]",0.13333333333333333,0.0
218,為了呃讓考生在五月三十號能夠參加複試,為呃讓考生在五月三十號能夠參加複試,為呃讓考生在五月三十號能夠參加複試,[],0.05555555555555555,0.05555555555555555
219,所以請各位阿主持人跟組長,所以請各位呃主持人跟組長,所以請各位阿主持人跟組長,"[['呃', '阿', 5, 6]]",0.08333333333333333,0.0
220,好我們開始請計管組鍾組長,好我們開始請計管組鍾組長,好我們開始請計管組鍾組長,[],0.0,0.0
221,大家好計管組兩件事報告,欸大家好計管組兩件事報告,嗯大家好計管組兩件事報告,"[['欸', '嗯', 0, 1]]",0.09090909090909093,0.09090909090909091
222,如果有窒礙馬上提出來,如果有窒礙麻上提出來,如果有窒礙馬上提出來,"[['麻', '馬', 5, 6]]",0.1,0.0
223,好謝謝,好謝謝好就是開,好謝謝好像要了,"[['就', '像', 4, 5], ['是', '要', 5, 6], ['開', '了', 6, 7]]",1.3333333333333333,1.3333333333333333
224,另外依據中央氣氣象局那個天氣預報喔本週都有都是梅雨季鑑於三三一館頂樓材電所修漏工程仍在進行,另外依據裝及計樣機那個真氣報本週都都是沒與計畫建立三三一館訂樓材電所施物漏工程能在進行,另外依迅武及計算機那個多細案本週喔都是參與計畫針對三三一館頂樓材電所的量產工程仍在進行,"[['據', '迅', 3, 4], ['裝', '武', 4, 5], ['樣', '算', 7, 8], ['真', '多', 11, 12], ['氣', '細', 12, 13], ['報', '案', 13, 14], ['都', '喔', 16, 17], ['沒', '參', 19, 20], ['建', '針', 23, 24], ['立', '對', 24, 25], ['訂', '頂', 29, 30], ['施', '的', 34, 35], ['物', '量', 35, 36], ['漏', '產', 36, 37], ['能', '仍', 39, 40]]",0.4444444444444444,0.5111111111111111
225,請在本週呃請在今天中午十二點的之前能夠請同仁上去呃配合做問卷報告完畢,請在本週請在今天中午攝影的之前能夠請同仁上去呃配合作問卷報告完畢,請在本週請在今天中午下班的之前能夠請同仁上去呃配合做問卷報告完畢,"[['攝', '下', 10, 11], ['影', '班', 11, 12], ['作', '做', 25, 26]]",0.14705882352941174,0.11764705882352941
226,計算機組一案導控組八案水科組三案網戰組一案人工智慧組一案一共十七案請加速辦理,計算機組一案導控組八案水科組三案網戰組一案人工智慧組一案以共十七案請加速辦理,計算機組一案導控組八案水科組三案網戰組一案人工智慧組一案一共十七案請加速辦理,"[['以', '一', 28, 29]]",0.02631578947368421,0.0
227,第二件事是明後兩天辦理職安會管理系統ISO四五零零一內部稽核員的訓練,第二件事謝明後兩天辦理晨位管理四喔I上四五零一內部稽核員的訓業,第二件事是明後兩天辦理單位管理室的I所四五零一內部稽核員的訓練,"[['謝', '是', 4, 5], ['晨', '單', 11, 12], ['四', '室', 15, 16], ['喔', '的', 16, 17], ['上', '所', 18, 19], ['業', '練', 30, 31]]",0.29411764705882354,0.23529411764705882
228,呃本所還有通信組導控組水科遙控大成系工網路戰AI等,呃本所還有通信組導控組水科遙控大成系工網路戰AI的,呃本所還有通信組導控組水科遙控大成系工網路戰AI等,"[['的', '等', 24, 25]]",0.04,0.0
229,那請各單位的承辦同仁務必配合到課取得呃必要的資格報告完畢,那請各單位的承辦同仁務必配合到課取得阿必要的資個報告完畢,那請各單位的承辦同仁務必配合到課取得呃必要的資格報告完畢,"[['阿', '呃', 18, 19], ['個', '格', 23, 24]]",0.07142857142857142,0.0
230,請問品後嚴組長在嗎好請整規組盧組長,請品後延長在喔好請整規組盧組長,請以後組長談謝好請整規組盧組長,"[['品', '以', 1, 2], ['延', '組', 3, 4], ['在', '談', 5, 6], ['喔', '謝', 6, 7]]",0.2352941176470588,0.29411764705882354
231,本所各單位預計提案的採購案件明細如後電戰組兩兩案精電組一案,本所各單位預期結案的採購案件明細如後電戰組兩兩案精電組一案,本所各單位預計結案的採購案件明細如後電戰組兩兩案精電組一案,"[['期', '計', 6, 7]]",0.06896551724137931,0.034482758620689655
232,在此請天頻計畫及遙控組提早因應謝謝報告完畢,在此請天頻計畫及遙控組及早因業謝謝報告完畢,在此請天頻計畫及遙控組提早因業謝謝報告完畢,"[['及', '提', 11, 12]]",0.09523809523809523,0.047619047619047616
233,開放有需求的同仁可與我們的職護聯繫,開放有需求的同仁阿可以然一職或聯繫,開放有需求的同仁都可以做專線的聯繫,"[['阿', '都', 8, 9], ['然', '做', 11, 12], ['一', '專', 12, 13], ['職', '線', 13, 14], ['或', '的', 14, 15]]",0.35294117647058826,0.4117647058823529
234,副所長各位長官早本週無提報事項報告完畢,副所長各位長官早本週無提報事項報告完畢,副所長各位長官早本週無提報事項報告完畢,[],0.0,0.0
235,那現場除了訪視乾元網戰,那現場除了訪是停聯網展情前,那現場會查就是互聯網的部份,"[['除', '會', 3, 4], ['了', '查', 4, 5], ['訪', '就', 5, 6], ['停', '互', 7, 8], ['展', '的', 10, 11], ['情', '部', 11, 12], ['前', '份', 12, 13]]",0.5454545454545454,0.8181818181818182
236,報告大黃副電戰組本週無提報事項報告完畢,報告告黃護電戰組本週無提報事項報告完畢,報告大黃副電戰組本週無提報事項報告完畢,"[['告', '大', 2, 3], ['護', '副', 4, 5]]",0.10526315789473684,0.0
237,報告黃副所長通信組本週無提報事項報告完畢,報告黃副所長通信組本週無提報事項報告完畢,報告黃副所長通信組本週無提報事項報告完畢,[],0.0,0.0
238,好副所長及各位長官好工安組兩件事情提醒,呃副所長及各位長官好工安組兩件事提醒,呃副所長及各位長官好工安組兩件事提醒,[],0.10526315789473684,0.10526315789473684
239,報告黃副所長導控組本週無提報事項報告完畢,報告黃副所長導控組本週無提報事項報告完畢,報告黃副所長導控組本週無提報事項報告完畢,[],0.0,0.0
240,一是今天下午有三小時的臨廠醫師服務,因此今天下午有三項時的臨廠意是服務,一是今天下午有三小時的臨廠醫師服務,"[['因', '一', 0, 1], ['此', '是', 1, 2], ['項', '小', 8, 9], ['意', '醫', 13, 14], ['是', '師', 14, 15]]",0.29411764705882354,0.0
241,報告副所長財務組本週無提報事項,報告副所長財務組本週無提報事項,報告副所長財務組本週無提報事項,[],0.0,0.0
242,報告副所長整規組本週無提報事項報告完畢,報告副長整規組本週無提報事項報告完畢,報告副長整規組本週無提報事項報告完畢,[],0.05263157894736842,0.05263157894736842
243,副所長以及各位長官好資材組兩點報告,副所長以及作位長官好資材組兩點報告,副所長以及各位長官好資材組兩點報告,"[['作', '各', 5, 6]]",0.05882352941176471,0.0
244,好謝謝請財務組黃組長,好謝謝請財務組黃組長,好謝謝請財務組黃組長,[],0.0,0.0
245,好謝謝請品後顏組長,好謝謝請品後顏組長,好謝謝請品後顏組長,[],0.0,0.0
246,報告副所長本週無提報事項報告完畢,請報告副所長本週無提報事項報告完畢,呃報告副所長本週無提報事項報告完畢,"[['請', '呃', 0, 1]]",0.0625,0.0625
247,好謝謝請電戰組朱組長,好謝謝請電戰組朱組長,好謝謝請電戰組朱組長,[],0.0,0.0
248,好請通信組廖組長,好請通信組廖組長,好請通信組廖組長,[],0.0,0.0
249,好請導控組劉組長,呃請導控組劉組長,好請導控組劉組長,"[['呃', '好', 0, 1]]",0.125,0.0
250,好請資材組陳組長,喔請資材組陳組長,喔請資材組陳組長,[],0.125,0.125
251,好謝謝請柯主任,好謝謝請柯主任,好謝謝請柯主任,[],0.0,0.0
252,請計算機組陳組長,請計算機組陳組長,請計算機組陳組長,[],0.0,0.0
253,請遙控組簡組長,請遙控組簡組長,請遙控組簡組長,[],0.0,0.0
254,報告遙控組無提報事項,報告遙控組無提報事項,報告遙控組無提報事項,[],0.0,0.0
255,請工安組呂組長,請工安組呂組長,請工安組呂組長,[],0.0,0.0
256,這個紅燈目前海軍已經把永捷案他們最新的期程在上週四發文給我們,這種的目前海軍已經把勇結案他們最新的期程在上週次發文給我們,海軍網目前海軍已經把永捷案他們最新的期程在上週四發文給我們,"[['這', '海', 0, 1], ['種', '軍', 1, 2], ['的', '網', 2, 3], ['勇', '永', 10, 11], ['結', '捷', 11, 12], ['次', '四', 23, 24]]",0.2,0.13333333333333333
257,我們本週會開始依據海軍發文來的期程修訂我們的期那個協議書,我們本週會開始依據海軍發文來的期程修訂我的期那個協議書,我們本週會開始依據海軍發文來的期程修訂我的期那個協議書,[],0.03571428571428571,0.03571428571428571
258,新新聞的這個草稿我們會在按照所長指定的時間完成報告完畢,新新聞的這個草稿喔我們會在按照所長指件的時間完成報告完畢,新新聞的這個草稿喔我們會在按照所長指定的時間完成報告完畢,"[['件', '定', 18, 19]]",0.07407407407407407,0.037037037037037035
259,第一件事情在院部PMIS我們永捷專案仍然是紅燈,第一件事情在院部PMIS我們勇捷專案仍然是紅燈,第一件事情在院部PMIS我們勇捷專案仍然是紅燈,[],0.043478260869565216,0.043478260869565216
260,協議書完成修訂以後這個紅燈的項目就可以解除,請助完成修訂以後這個紅燈的項目就可以解除,然後完成修訂以後這個紅燈的項目就可以解除,"[['請', '然', 0, 1], ['助', '後', 1, 2]]",0.14285714285714285,0.14285714285714285
261,報告副所長資安防護組除本周無提報事項報告完畢,報告副所長安防護組除本週無提報事項報告完畢,報告副所資安防護組除本週無提報事項報告完畢,"[['長', '資', 4, 5]]",0.09090909090909093,0.09090909090909091
262,報告黃副所長本組今本週無提報事項報告完畢,報告黃副所長本組及本週無提報事項報告完畢,報告黃副所長本組今本週無提報事項報告完畢,"[['及', '今', 8, 9]]",0.05,0.0
263,好謝謝請玄武計畫黃主黃副主持人,好謝謝請玄武計畫王組黃副主持人,好謝謝請玄武計畫黃主黃副主持人,"[['王', '黃', 8, 9], ['組', '主', 9, 10]]",0.13333333333333333,0.0
264,報告副所長天齊計畫本週無提報事項報告完畢,報告副所長天齊計畫本週無提報事項報告完畢,報告副所長天齊計畫本週無提報事項報告完畢,[],0.0,0.0
265,第二件事情上周所長有通知我們要準備,第二件事情上週所長有通知我們要準備,第二件事情上週所長有通知我們要準備,[],0.05882352941176471,0.058823529411764705
266,報告黃副所長玄武計畫本周無提報事項,報告黃副所長玄武計畫本週無提報事項,報告黃副所長玄武計畫本週無提報事項,[],0.05882352941176471,0.058823529411764705
267,報告副所長大成計畫本週無提報事項報告完畢,報告副所長大成計畫本週無提報事項報告完畢,報告副所長大成計畫本週無提報事項報告完畢,[],0.0,0.0
268,報告黃副所長網戰組無提報事項報告完畢,大副所長欸網戰組無提報事項報告完畢,黃副所長網網戰組無提報事項報告完畢,"[['大', '黃', 0, 1], ['欸', '網', 4, 5]]",0.2222222222222222,0.16666666666666666
269,報告副所長亢龍計畫兩件事情回報,報告副所長亢龍計畫兩件事情回報,報告副所長亢龍計畫兩件事情回報,[],0.0,0.0
270,報告副所長本週無提報事項報告完畢,報告副所長本週無提報事項報告完畢,報告副所長本週無提報事項報告完畢,[],0.0,0.0
271,好請人工智慧組湯組長,好請人工智慧組湯組長,好請人工智慧組湯組長,[],0.0,0.0
272,好請天頻計畫吳主持人,好請天頻計畫吳主持人,好請天頻計畫吳主持人,[],0.0,0.0
273,報告副所長天頻計畫本周無提供事項,黃告副所長天頻計畫本週無提報事項,黃告副所長天頻計畫本週無提報事項,[],0.1875,0.1875
274,報告水科組無提報事項報告完畢,報告水科組無提報事項報告完畢,報告水科組無提報事項報告完畢,[],0.0,0.0
275,報告黃副所長指管組無提報事項,報告黃副所長指管組無提報事項,報告黃副所長指管組無提報事項,[],0.0,0.0
276,好請水科組梅組長,好請水科組梅組長,好請水科組梅組長,[],0.0,0.0
277,報告副所長水感組沒有提報事項,報告所長水感組沒有提報事項,報告所長水感組沒有提報事項,[],0.07142857142857142,0.07142857142857142
278,請亢龍計畫鄧副主持人,請亢龍計畫鄧副主持人,請亢龍計畫鄧副主持人,[],0.0,0.0
279,好請指管組王組長,好請指管組王組長,好請指管組王組長,[],0.0,0.0
280,請精電組胡組長,請精電組胡組長,請精電組胡組長,[],0.0,0.0
281,請天齊計畫翁主持人,請天齊計畫翁主持人,請天齊計畫翁主持人,[],0.0,0.0
282,報告黃副所長乾元計畫幾件事情提報,好黃所先計時間提報,請示務必按時間提報,"[['好', '請', 0, 1], ['黃', '示', 1, 2], ['所', '務', 2, 3], ['先', '必', 3, 4], ['計', '按', 4, 5]]",0.6875,0.875
283,請水感組賴組長,請水感組賴組長,請水感組賴組長,[],0.0,0.0
284,大成計畫謝主持人,那成計畫謝主持人,大成計畫謝主持人,"[['那', '大', 0, 1]]",0.125,0.0
285,請網戰組吳組長,請網戰組吳組長,請網戰組吳組長,[],0.0,0.0
286,請乾元計畫廖,請乾元計畫廖,請乾元計畫廖,[],0.0,0.0
287,請資安組蘇組長,請資安組蘇組長,請資安組蘇組長,[],0.0,0.0
288,上個禮拜四然後請六大領域的專案組然後請提供那個專案計畫的一個名冊,上個禮拜四然後請五六大領一個專案組然後請提供那個專案計畫組個名冊,上個禮拜四然後請某個你們一個專案組然後請提供那個專案計畫一個名冊,"[['五', '某', 8, 9], ['六', '個', 9, 10], ['大', '你', 10, 11], ['領', '們', 11, 12], ['組', '一', 28, 29]]",0.15625,0.21875
289,你你現在講我有聽到阿但是剛才王副大主席在ue你的時候你都沒有按到那個講話的鈕是不是,你密些交都已經到但是當網副大主席在注裡的時候你都沒有按照那個講關的留自己,那這些人都已經出了請各位副呂主席在承導的時候你都沒有按意那個相關的大麻題,"[['你', '那', 0, 1], ['密', '這', 1, 2], ['交', '人', 3, 4], ['到', '出', 7, 8], ['但', '了', 8, 9], ['是', '請', 9, 10], ['當', '各', 10, 11], ['網', '位', 11, 12], ['大', '呂', 13, 14], ['注', '承', 17, 18], ['裡', '導', 18, 19], ['照', '意', 27, 28], ['講', '相', 30, 31], ['留', '大', 33, 34], ['自', '麻', 34, 35], ['己', '題', 35, 36]]",0.4878048780487805,0.6341463414634146
290,五大領域主持人這件事情務必要配合呂主任這邊的需求阿這個禮拜要完成,五八領域主持人這件事情務必要配呂潤這邊的需求這個禮拜要完成,五大領域主持人這件事情務必要按照我這邊的需求這個禮拜要完成,"[['八', '大', 1, 2], ['配', '按', 14, 15], ['呂', '照', 15, 16], ['潤', '我', 16, 17]]",0.15625,0.1875
291,星期三由那個網路戰的連隊長主持連隊的一個工作技能會議我這邊也會派人參加,數單由那個網路戰的軍備當主持零鑑的一個工作檢的會議我部會還參加,下午由那個網路戰的連隊長主持連隊的一個工作戰略會議我們會派參加,"[['數', '下', 0, 1], ['單', '午', 1, 2], ['軍', '連', 9, 10], ['備', '隊', 10, 11], ['當', '長', 11, 12], ['零', '連', 14, 15], ['鑑', '隊', 15, 16], ['檢', '戰', 21, 22], ['的', '略', 22, 23], ['部', '們', 26, 27], ['還', '派', 28, 29]]",0.42857142857142855,0.2571428571428571
292,那個王副你的聲音非常小聲你要找那個計管組的人幫你去看一下,內王路也的聲會長小聲你要早那個計管組人幫於看一下,那王副主持人各位長官你家請那個計管組你幫我看一下,"[['內', '那', 0, 1], ['路', '副', 2, 3], ['也', '主', 3, 4], ['的', '持', 4, 5], ['聲', '人', 5, 6], ['會', '各', 6, 7], ['長', '位', 7, 8], ['小', '長', 8, 9], ['聲', '官', 9, 10], ['要', '家', 11, 12], ['早', '請', 12, 13], ['人', '你', 18, 19], ['於', '我', 20, 21]]",0.3928571428571429,0.5357142857142857
293,報告黃副有關於量產檢討部份本日就會開會我會在會中再次加強檢討,報告黃副有關於量以產檢到部份本日就會開會我會再會中再次加強檢討,報告黃副有關於那個量檢的部份本日就會開會我會再會中再次加強檢討,"[['量', '那', 7, 8], ['以', '個', 8, 9], ['產', '量', 9, 10], ['到', '的', 11, 12]]",0.1,0.16666666666666666
294,上個禮拜四欸因為五月份是那個立法院的這個審預算,上個禮拜四欸因為五月份是那個立法院的這個審預算,上個禮拜四欸因為五月份是那個立法院的這個審預算,[],0.0,0.0
295,有關漢光演習參與的單位那下週特別是靶機部份我也會到場督導以上報告完畢,如管海光演習參與的單位那下週這個是靶機部務會到場督導以上報告完畢,有關漢光演習參與的單位那下週我們的靶機部份會到場督導以上報告完畢,"[['如', '有', 0, 1], ['管', '關', 1, 2], ['海', '漢', 2, 3], ['這', '我', 14, 15], ['個', '們', 15, 16], ['是', '的', 16, 17], ['務', '份', 20, 21]]",0.2352941176470588,0.14705882352941177
296,然後星期二下午兩點鐘也是唐副指揮官主持五月份的網路戰定期會報,那書前下號兩點鐘也是他指揮官主持五月份網戰理期會報,那然後下午兩點鐘也是馬指揮官主持五月份網戰定期會報,"[['書', '然', 1, 2], ['前', '後', 2, 3], ['號', '午', 4, 5], ['他', '馬', 10, 11], ['理', '定', 21, 22]]",0.3666666666666665,0.26666666666666666
297,好謝謝呃各位同仁除剛剛提報之外還有沒有其他事情,好謝謝喔各位同仁除了剛提報之外沒有其他事情,好謝謝喔各位同仁除了剛提報之外沒有其他事情,[],0.17391304347826084,0.17391304347826086
298,今天下午我們會向唐副指揮官資通電軍唐副指揮官專報乾元專案,今下我們會下他會指揮官週應操有關專好水專案,一下我們一下來請指揮官也就是有關永捷的專案,"[['今', '一', 0, 1], ['會', '一', 4, 5], ['他', '來', 6, 7], ['會', '請', 7, 8], ['週', '也', 11, 12], ['應', '就', 12, 13], ['操', '是', 13, 14], ['專', '永', 16, 17], ['好', '捷', 17, 18], ['水', '的', 18, 19]]",0.6071428571428571,0.7142857142857143
299,其他五大領域請在這個禮拜配合辦理報告完畢,其他五大領域請在這個禮拜配合辦報告完畢,其他五大領域請在這個禮拜配合辦報告完畢,[],0.05,0.05
300,阿我我我再請其他幾個聽看看好了,阿不過都在請其他幾的平量看討了,我不過是再請其他人來暫做檢討了,"[['阿', '我', 0, 1], ['都', '是', 3, 4], ['在', '再', 4, 5], ['幾', '人', 8, 9], ['的', '來', 9, 10], ['平', '暫', 10, 11], ['量', '做', 11, 12], ['看', '檢', 12, 13]]",0.5333333333333333,0.6666666666666666
301,欸那個副所長好公關主任一件事情報告,呃那個副好工關主任一件事情報告,呃那個人員公關主任一件事情報告,"[['副', '人', 3, 4], ['好', '員', 4, 5], ['工', '公', 5, 6]]",0.2352941176470588,0.29411764705882354
302,然後禮拜五我們會召開永冠專案的PMR會議以上報告完畢,那二我們會到開永冠在檢討會上報告完畢,拜天我們會召開那個的檢討會上報告完畢,"[['那', '拜', 0, 1], ['二', '天', 1, 2], ['到', '召', 5, 6], ['永', '那', 7, 8], ['冠', '個', 8, 9], ['在', '的', 9, 10]]",0.5384615384615384,0.5
303,呃黃副所長各位同仁好呃沒有報告謝謝,呃黃副所各位都好呃沒有報告謝謝,呃黃副所長大家好呃沒有報告謝謝,"[['各', '長', 4, 5], ['位', '大', 5, 6], ['都', '家', 6, 7]]",0.17647058823529413,0.23529411764705882
304,峻蔚請問一下我的聲音很小聲嗎能不能請幫我確認一下,峻蔚組會下我的聲音個小車嗎們報確認一項,計管組剩對你的呃那個申請你們要確認一下,"[['峻', '計', 0, 1], ['蔚', '管', 1, 2], ['會', '剩', 3, 4], ['下', '對', 4, 5], ['我', '你', 5, 6], ['聲', '呃', 7, 8], ['音', '那', 8, 9], ['小', '申', 10, 11], ['車', '請', 11, 12], ['嗎', '你', 12, 13], ['報', '要', 14, 15], ['項', '下', 18, 19]]",0.5,0.7916666666666666
305,好謝謝請除了天齊以外,好謝謝請除了經齊外,好謝謝請除了天齊外,"[['經', '天', 6, 7]]",0.2,0.1
306,目前除了天齊計畫有交之外,目前除天齊計畫有交之外,目前除天齊計畫有交之外,[],0.08333333333333333,0.08333333333333333
307,報告副所長我這邊聽是還好啦,報告副所長我們邊天是還好,報告副所長我們今天是上午,"[['邊', '今', 7, 8], ['還', '上', 10, 11], ['好', '午', 11, 12]]",0.2307692307692308,0.46153846153846156
308,那我本身也會帶隊前往,那我本分與會帶北S訪,那我們今天會去約S他,"[['本', '們', 2, 3], ['分', '今', 3, 4], ['與', '天', 4, 5], ['帶', '去', 6, 7], ['北', '約', 7, 8], ['訪', '他', 9, 10]]",0.5,0.7
309,好謝謝請楊副所長,好謝謝請楊副所長,好謝謝請楊副所長,[],0.0,0.0
310,好謝謝請王副所長,好謝謝請王副所長,好謝謝請王副所長,[],0.0,0.0
311,所長好報告所長,所長好報告所長,所長好報告所長,[],0.0,0.0
312,報告本週無提報事項,報告本週無提報事項,報告本週無提報事項,[],0.0,0.0
313,報告本週無提報事項,報告本週無提報事項,報告本週無提報事項,[],0.0,0.0
314,請說,請說,請教,"[['說', '教', 1, 2]]",0.0,0.5
315,好如果沒有謝謝大家,好如果沒有謝大家,好如果沒謝謝大家,"[['有', '謝', 4, 5]]",0.1111111111111111,0.1111111111111111
316,請公關呂主任,請公關呂主任,請公關呂主任,[],0.0,0.0
317,報告組長剛剛,報告組長剛剛,報告組長剛剛,[],0.0,0.0
318,請督導長,請督導長,請督導長,[],0.0,0.0
319,報告組長你有聽到嗎,報告組長電提到嗎,報告組長有提到嗎,"[['電', '有', 4, 5]]",0.3333333333333333,0.2222222222222222
320,經查本所一零八年度待驗結大額購案仍有兩百零九案請各單位儘速送,經查本所一零八年度待院結大額購案的有兩百零九案請各單位緊速送,經查本所一零八年度待院結大額購案仍有兩百零九案請各單位儘速送,"[['的', '仍', 16, 17], ['緊', '儘', 27, 28]]",0.1,0.03333333333333333
321,一起送到本所來試辦辦理帳務處理那第二件事情就是固資的購案裡面,一請送到本組來續辦辦理上務處那第二件事情就是固資的購案裡面,一起送到本組來續辦辦理帳務處理第二件事情就是固資的購案裡面,"[['請', '起', 1, 2], ['上', '帳', 11, 12], ['那', '理', 14, 15]]",0.16666666666666666,0.1
322,本年度辦理結報那沿用的部份請要跟呃跟計管組去,的本年會辦理結報那有用的部份請要個呃本計管組去,那本年會辦理結報那沿用的部份請要跟呃跟計管組去,"[['的', '那', 0, 1], ['有', '沿', 9, 10], ['個', '跟', 16, 17], ['本', '跟', 18, 19]]",0.2272727272727273,0.09090909090909091
323,呃檢附企畫處他奉核的保固費因經費的提列表,呃審謝企畫去發奉核的保護費應經費的幾列點,呃感謝企畫處他奉核的防護費因經費的提列表,"[['審', '感', 1, 2], ['去', '處', 5, 6], ['發', '他', 6, 7], ['保', '防', 10, 11], ['應', '因', 13, 14], ['幾', '提', 17, 18], ['點', '表', 19, 20]]",0.4,0.2
324,除天齊翁主持人九鵬公差由劉武義副主持人代理上線,除天齊翁主持人九鵬公差由留五億副主持人代理上線,除天齊翁主持人九鵬公差由趙興良副主持人代理上線,"[['留', '趙', 12, 13], ['五', '興', 13, 14], ['億', '良', 14, 15]]",0.13043478260869565,0.13043478260869565
325,精電組胡組長請假由整規組盧組長代理提報,精電組胡組長請假由整規組盧組長代理提報,精電組胡組長請假由整規組盧組長代理提報,[],0.0,0.0
326,遙控組戴組長九鵬公差由陳文傑副組長代理上線,遙控組帶組長九鵬公差由陳文傑副組長代理上線,遙控組戴組長九鵬公差由陳文傑副組長代理上線,"[['帶', '戴', 3, 4]]",0.047619047619047616,0.0
327,呃大家好計管計管組一件事情提醒喔一百一十年呃,呃大家好計管計管組一件事提醒一百一十年呃,呃大家好計管計管組一件事提醒一百一十年呃,[],0.09090909090909093,0.09090909090909091
328,國外公差的一個審查會將在十二月十二日召開,國外公差的一個審查會將在十二月十二日召開,國外公差的一個審查會將在十二月十二日召開,[],0.0,0.0
329,召開第三十五次晨會上次沒有管辦項目請示由,召開第三十五十晨會上次沒有管辦項目形示由,召開第三十五次晨會上次沒有管辦項目請示由,"[['十', '次', 6, 7], ['形', '請', 17, 18]]",0.1,0.0
330,所長各位長官大家早財務組這邊有兩件事情提醒各單位,所長各位長官大家早財務組這邊有勇件事情提醒各單位,所長各位長官大家早財務組這邊有兩件事情提醒各單位,"[['勇', '兩', 15, 16]]",0.041666666666666664,0.0
331,能夠完成將主計畫要提列保固費的支用憑單以及,能夠完前將組計畫要十月報護費的適用評三十一,能夠提供各個計畫在每月維護中的通知三三十號,"[['完', '提', 2, 3], ['前', '供', 3, 4], ['將', '各', 4, 5], ['組', '個', 5, 6], ['要', '在', 8, 9], ['十', '每', 9, 10], ['報', '維', 11, 12], ['費', '中', 13, 14], ['適', '通', 15, 16], ['用', '知', 16, 17], ['評', '三', 17, 18], ['一', '號', 20, 21]]",0.5238095238095238,0.7619047619047619
332,如果除了那個已經確定要辦沿用的其他的請儘快,如果除了那個經確定要案沿用的其號的體計畫,如果除了那個已確定購案沿用的帳號原有計畫,"[['經', '已', 6, 7], ['要', '購', 9, 10], ['其', '帳', 14, 15], ['的', '原', 16, 17], ['體', '有', 17, 18]]",0.2857142857142857,0.42857142857142855
333,請各各提報單位的幹部呃出席會議報告完畢,請各各提報單位的幹部呃主席會議報告完畢,請各各提報單位的幹部呃主席會議報告完畢,[],0.05263157894736842,0.05263157894736842
334,送副院長以上長官核定並以持會辦理報告完畢,送副院長以上長官核定並以持會辦理報告完畢,送副院長以上長官核定並以持會辦理報告完畢,[],0.0,0.0
335,呃各各領域提報總計有十五案那呃,呃各各領域提報總計有十五案那呃,呃各各領域提報總計有十五案那呃,[],0.0,0.0
336,十二月二十日以後物料入庫因專簽,十二月二十日以後物料入庫丁專簽,十二月二十日以後物料入庫因專簽,"[['丁', '因', 12, 13]]",0.06666666666666668,0.0
337,好謝謝請品後組顏組長,好謝謝請品後組顏組長,好謝謝請品後組顏組長,[],0.0,0.0
338,所長各位長官好資材組一點好一點報告,所長各位長官好資材組一點討一點報告,所長各位長官好資材組一點好一點報告,"[['討', '好', 12, 13]]",0.05882352941176471,0.0
339,財務室的主計組以及本所的財務組完成驗結,財務室的組技組已及本所的財務組完成驗結,財務室的科研組以及本所的財務組完成驗結,"[['組', '科', 4, 5], ['技', '研', 5, 6], ['已', '以', 7, 8]]",0.15789473684210525,0.10526315789473684
340,報告所長回報人數今天應到三十二員,報告所長回報人數今天應到三十二員,報告所長回報人數今天應到三十二員,[],0.0,0.0
341,所長各位長官大家好那個品後組本週無提報事項報告完畢,所長各位長官大家好那個品後本週無提報事項報告完畢,所長各位長官大家好那個品後本週無提報事項報告完畢,[],0.04,0.04
342,第一件事情就是請各單位在本週內,那第一件事情就一期各單位要本週募,那第一件事情第一點各單位在本週內,"[['就', '第', 6, 7], ['期', '點', 8, 9], ['要', '在', 12, 13], ['募', '內', 15, 16]]",0.3333333333333333,0.26666666666666666
343,連結去做一個管辦的動作報告完畢,原捷去做一個管辦的動作報告完畢,連結去做一個管辦的動作報告完畢,"[['原', '連', 0, 1], ['捷', '結', 1, 2]]",0.13333333333333333,0.0
344,好謝謝請財務組黃組長,好謝謝請財務組黃組長,好謝謝請財務組黃組長,[],0.0,0.0
345,所長副所長各位長官大家好,所長副所長各位長官大家好,所長副所長各位長官大家好,[],0.0,0.0
346,物籌處的財務那個,物籌處的財務那個,物籌處的財務那個,[],0.0,0.0
347,實到三十一員報告完畢,實到三十一員報告完畢,實到三十一員報告完畢,[],0.0,0.0
348,計管組鍾組長開始提報,計管組鍾組長開始提報,計管組鍾組長開始提報,[],0.0,0.0
349,好請資材組陳組長,好請資材組陳組長,好請資材組陳組長,[],0.0,0.0
350,計管組鍾組長,請計管組鍾組長,請計管組鍾組長,[],0.16666666666666666,0.16666666666666666
351,好我們開始,好我們開始,好我們開始,[],0.0,0.0
352,是報告所長那精電組黃景嘉原來是要代報那因為系統有問題那請我這邊代報那沒有提報事項報告完畢,報告所長那精電組黃請教研來交待發會系統的問題那前我這邊拜報他沒有無提報事項報告完畢,報告所長那精電組有請黃副來因為國標系統的問題那請我這邊代報他沒有提提報事項報告完畢,"[['黃', '有', 8, 9], ['教', '黃', 10, 11], ['研', '副', 11, 12], ['交', '因', 13, 14], ['待', '為', 14, 15], ['發', '國', 15, 16], ['會', '標', 16, 17], ['前', '請', 23, 24], ['拜', '代', 27, 28], ['無', '提', 32, 33]]",0.3636363636363637,0.3409090909090909
353,那預計是在今明兩天會出海執行測試那相關的測試裝備已經完成整備,那預計是在今明兩天會出海行測試那相關的測試裝備已經完成整備,那預計是在今明兩天會出執行測試那相關的測試裝備已經完成整備,"[['海', '執', 11, 12]]",0.03333333333333333,0.03333333333333333
354,因為那個最近天氣比較涼喔而且海象也比較不穩定喔所以要注意那個人員的安全,阿因為那個最近天機定要點喔謝還向你比較過定喔都要注意的個人員的安全,阿因為那個是今天院長重會喔他還是講比較穩定喔且要注意那個人員的安全,"[['最', '是', 5, 6], ['近', '今', 6, 7], ['機', '院', 8, 9], ['定', '長', 9, 10], ['要', '重', 10, 11], ['點', '會', 11, 12], ['謝', '他', 13, 14], ['向', '是', 15, 16], ['你', '講', 16, 17], ['過', '穩', 19, 20], ['都', '且', 22, 23], ['的', '那', 26, 27]]",0.42857142857142855,0.42857142857142855
355,本週將於海發中心這個針對誘標系統召開CDRD的會議,本週將於海發中心那個針對又標系統召開CDR個會議,本週將於海發中心那個針對誘標系統召開CDR的會議,"[['又', '誘', 12, 13], ['個', '的', 21, 22]]",0.16,0.08
356,報告所長水科組一件事情提報聲納自製於基隆級艦的被動功能測試,報告所長水科組一件事情提報這大是制於計隆及件的備同工的測試,報告所長水科組一件事情提報呃就是關於迅冠專案的協定性的測試,"[['這', '呃', 13, 14], ['大', '就', 14, 15], ['制', '關', 16, 17], ['計', '迅', 18, 19], ['隆', '冠', 19, 20], ['及', '專', 20, 21], ['件', '案', 21, 22], ['備', '協', 23, 24], ['同', '定', 24, 25], ['工', '性', 25, 26]]",0.3793103448275862,0.41379310344827586
357,請精電組胡組長好請就是整規組盧組長要代報是不是,請精電組胡組長好請這是整規組盧來帶報主,請精電組胡組長好請就是整規組盧主任承報,"[['這', '就', 9, 10], ['來', '主', 15, 16], ['帶', '任', 16, 17], ['報', '承', 17, 18], ['主', '報', 18, 19]]",0.3478260869565217,0.30434782608695654
358,那本日海象回穩仍提醒同仁注意安全以上報告,那本日還向回問人群系同仁注意安全以上報告,那本日會請參賽人群及同仁注意安全以上報告,"[['還', '會', 3, 4], ['向', '請', 4, 5], ['回', '參', 5, 6], ['問', '賽', 6, 7], ['系', '及', 9, 10]]",0.3,0.35
359,參與單位尚有本本所的亢龍計畫報告完畢,要參與單位員上有本本所的亢龍計畫報告完畢,那參與單位就是有本本所的亢龍計畫報告完畢,"[['要', '那', 0, 1], ['員', '就', 5, 6], ['上', '是', 6, 7]]",0.16666666666666666,0.16666666666666666
360,所長各位長官大家早工安組本週無提報事項報告完畢,所長各位長官大家早工安組本週無提報事項報告完畢,所長各位長官大家早工安組本週無提報事項報告完畢,[],0.0,0.0
361,所長好各位長官早指管組沒有提報事項報告完畢,所長各位長官早指管組沒有提報事項報告完畢,所長各位長官早指管組沒有提報事項報告完畢,[],0.047619047619047616,0.047619047619047616
362,本組導控組執行那個IDS合約設計案,本組導控組執行那個ID的合運設計案,本組導控組執行那個ID##s統的設計案,"[['的', '##s', 11, 12], ['合', '統', 14, 15], ['運', '的', 15, 16]]",0.1176470588235294,0.29411764705882354
363,所長各位長官大家好整規組一件事情報告那本週五,欸所長各位長官大家好整規組一件事情報告那本週五,欸所長各位長官大家好整規組一件事情報告那本週五,[],0.045454545454545456,0.045454545454545456
364,預劃在W四八館舉行國道國產化的研討會,預劃在財五室八館舉行回到國產化的研討會,預劃在w四零八館舉行國道國產化的研討會,"[['財', 'w', 3, 4], ['五', '四', 4, 5], ['室', '零', 5, 6], ['回', '國', 10, 11], ['到', '道', 11, 12]]",0.2777777777777778,0.1111111111111111
365,所長各位長官大家早本週無提報事項報告完畢,所長各位長官大家早本週無提報事項報告完畢,所長各位長官大家早本週無提報事項報告完畢,[],0.0,0.0
366,所長早電戰組本週無提報事項報告完畢,所長早電戰組本週無提報事項報告完畢,所長早電戰組本週無提報事項報告完畢,[],0.0,0.0
367,所長各位長官大家早導控組一件事情提報,所長各位長官大家早導控組一件事情提報,所長各位長官大家早導控組一件事情提報,[],0.0,0.0
368,報告所長計算機組無提報事項報告完畢,報告所長計算機組無提報事項報告完畢,報告所長計算機組無提報事項報告完畢,[],0.0,0.0
369,報告所長通信組本週無提報事項報告完畢,報告所長通信組本週無提報事項報告完畢,報告所長通信組本週無提報事項報告完畢,[],0.0,0.0
370,那請參與單位及人員按時就位報告完畢,那請參與單位進人員案時就位報告完畢,那請參與單位及人員按時就位報告完畢,"[['進', '及', 6, 7], ['案', '按', 9, 10]]",0.1176470588235294,0.0
371,好謝謝請遙控組陳副組長,好謝謝請遙控組陳副組長,好謝謝請遙控組陳副組長,[],0.0,0.0
372,好請網戰組吳組長,好請網戰組吳組長,好請網戰組吳組長,[],0.0,0.0
373,報告所長本週無提報事項,報告所所長本週無提報事項,報告所所長本週無提報事項,[],0.09090909090909093,0.09090909090909091
374,好謝謝請計算機組王組長,好謝謝請計算機組王組長,好謝謝請計算機組王組長,[],0.0,0.0
375,請指管組李組長,請指管組李組長,請指管組李組長,[],0.0,0.0
376,請水科組梅組長,請水科組梅組長,請水科組梅組長,[],0.0,0.0
377,好謝謝請柯主任,好謝謝請柯主任,好謝謝請柯主任,[],0.0,0.0
378,請導控組劉組長,請導控組劉組長,請導控組劉組長,[],0.0,0.0
379,請電戰組朱組長,請電戰組朱組長,請電戰組朱組長,[],0.0,0.0
380,請工安組鍾組長,請工安組鍾組長,請工安組鍾組長,[],0.0,0.0
381,請整規組盧組長,請整規組盧組長,請整規組盧組長,[],0.0,0.0
382,請通訊組廖組長,請通信組廖組長,請通信組廖組長,[],0.14285714285714285,0.14285714285714285
383,報告是,報告是,報告是,[],0.0,0.0
384,要密切的溝通密切的配合如果有需要協助的話跟玄玄武跟玄武計畫室做一個反應,跟密切的溝通密切的配合如果需要請做話學玄本玄武計畫室做一個反應,跟密切的溝通密切的配合如果需要的的話跟玄武玄武計畫室做一個反應,"[['請', '的', 15, 16], ['做', '的', 16, 17], ['學', '跟', 18, 19], ['本', '武', 20, 21]]",0.2571428571428571,0.17142857142857143
385,發規處的崔處長提報目前會務的狀況以上三件事情報告,報會處的陳組長呃提報目前恢覆的狀況以上三件事情報告,董事處的崔處長提提報目前會務的狀況以上三件事情報告,"[['報', '董', 0, 1], ['會', '事', 1, 2], ['陳', '崔', 4, 5], ['組', '處', 5, 6], ['呃', '提', 7, 8], ['恢', '會', 12, 13], ['覆', '務', 13, 14]]",0.2916666666666667,0.125
386,上週完成天鷹專案的接收測試感謝電戰組及相關人員在短時間內排除問題,上週完成編專的接受測試感謝電組及相關人員在短時間內開除問題,上週完成相關的接收測試感精電組及相關人員在短時間內排除問題,"[['編', '相', 4, 5], ['專', '關', 5, 6], ['受', '收', 8, 9], ['謝', '精', 12, 13], ['開', '排', 25, 26]]",0.1875,0.1875
387,然後解約變更的話明天由物籌處應該可以發文給廠商,然後節約變更的話明天有物籌處應該可以報告完畢廠商,然後解約變更的話明天由物籌處應該可以報告完畢廠謝,"[['節', '解', 2, 3], ['有', '由', 10, 11], ['商', '謝', 23, 24]]",0.2608695652173913,0.21739130434782608
388,第三AOC週二將向那個呃新到任的,第三沒席都二將向那個呃新到任,第三個禮拜二將會那個呃新到任,"[['沒', '個', 2, 3], ['席', '禮', 3, 4], ['都', '拜', 4, 5], ['向', '會', 7, 8]]",0.3125,0.375
389,這個交貨期非常的長喔可能會可能明年到明年底都沒辦法結案,這交或去各他的廠喔可會可能明年到明年提個沒發一案,專案要到其他地方喔因為可能明年到明年這個研後結案,"[['這', '專', 0, 1], ['交', '案', 1, 2], ['或', '要', 2, 3], ['去', '到', 3, 4], ['各', '其', 4, 5], ['的', '地', 6, 7], ['廠', '方', 7, 8], ['可', '因', 9, 10], ['會', '為', 10, 11], ['提', '這', 18, 19], ['沒', '研', 20, 21], ['發', '後', 21, 22], ['一', '結', 22, 23]]",0.4444444444444444,0.6296296296296297
390,外購案已經物籌處處長已經核定現在繼續往上呈核,外購案已經物籌處處長已經核定現在機系網上呈合,外購案已經物籌處處長已經核定現在在系統上修訂,"[['機', '在', 16, 17], ['網', '統', 18, 19], ['呈', '修', 20, 21], ['合', '訂', 21, 22]]",0.18181818181818185,0.22727272727272727
391,所長副所長早玄武玄武計畫三件事情提報第一點,所長副所長早將玄武計畫三件事情提報第一點,所長副所長早那玄武計畫三件事情提報第一點,"[['將', '那', 6, 7]]",0.09523809523809523,0.09523809523809523
392,好有關水密纜線的部份喔要跟那個計畫室要密切配合因為,好有關水密纜線的部份喔跟那個計畫資要密切的配合因為,好有關水密纜線的部份喔跟那個計畫室要密切的配合因為,"[['資', '室', 16, 17]]",0.12,0.08
393,呃澄復聯參的澄復意見的回回函,呃整規聯上呈意件的回回案,呃整規組上週最後的回購案,"[['聯', '組', 3, 4], ['呈', '週', 5, 6], ['意', '最', 6, 7], ['件', '後', 7, 8], ['回', '購', 10, 11]]",0.5714285714285714,0.7857142857142857
394,那務必要跟計畫處計畫組阿就是玄武這邊,那務必要跟計畫處計畫組喔這是玄武這邊,那務必要跟計畫處計畫組喔就是玄武這邊,"[['這', '就', 12, 13]]",0.1111111111111111,0.05555555555555555
395,希望這一週能夠去做議約的一些事情,希望所週能夠去作意月一是事情,希望本週能夠去注一第一件事情,"[['所', '本', 2, 3], ['作', '注', 7, 8], ['意', '一', 8, 9], ['月', '第', 9, 10], ['是', '件', 11, 12]]",0.4375,0.4375
396,報告所長呃網戰組本週無提報事項報告完畢,報告所長呃網戰組本週無提報事項報告完畢,報告所長呃網戰組本週無提報事項報告完畢,[],0.0,0.0
397,呃報告所長本週無提報事項報告完畢,報告所長本週無提報事項報告完畢,報告所長本週無提報事項報告完畢,[],0.0625,0.0625
398,寰展計畫本週一二持續與外商協調,發展計畫本週第二十施有外商指要,寰展計畫本週一二持續獲外商指調,"[['發', '寰', 0, 1], ['第', '一', 6, 7], ['十', '持', 8, 9], ['施', '續', 9, 10], ['有', '獲', 10, 11], ['要', '調', 14, 15]]",0.4666666666666667,0.13333333333333333
399,好謝謝請大成劉主持人,好謝謝請大成劉主持人,好謝謝請大成劉主持人,[],0.0,0.0
400,報告所長資安防護組本週無提報事項報告完畢,報告所長資安防護組本週無提報事項報告完畢,報告所長資安防護組本週無提報事項報告完畢,[],0.0,0.0
401,第二點玄相整規書本週將辦理,第二點玄項整規書本週兩辦理,第二點事情整規書本週將辦理,"[['玄', '事', 3, 4], ['項', '情', 4, 5], ['兩', '將', 10, 11]]",0.15384615384615385,0.15384615384615385
402,協調結果再向跟所長提報報告完畢,人上之果電項組長提報報告完畢,以及獎資單位組長提報報告完畢,"[['人', '以', 0, 1], ['上', '及', 1, 2], ['之', '獎', 2, 3], ['果', '資', 3, 4], ['電', '單', 4, 5], ['項', '位', 5, 6]]",0.4666666666666667,0.5333333333333333
403,呃就這一片就結束了報告完畢,呃就這電究結束了報告完畢,呃就這已經結束了報告完畢,"[['電', '已', 3, 4], ['究', '經', 4, 5]]",0.2307692307692308,0.23076923076923078
404,報告所長水密纜線報告,報告所長水密纜線報告,報告所長水密纜線報告,[],0.0,0.0
405,報告所長大成計畫一件事情報告,報告所長大成計畫一件事情報告,報告所長大成計畫一件事情報告,[],0.0,0.0
406,好謝謝請天頻吳主持人,好謝謝請天頻吳主持人,好謝謝請天頻吳主持人,[],0.0,0.0
407,報告所長本週無提報事項,報告所長本週無提報事項,報告所長本週無提報事項,[],0.0,0.0
408,請資安組蘇組長,請資安組蘇組長,請資安組蘇組長,[],0.0,0.0
409,所長天頻計畫本週無提報事項,所長天頻計畫無提報事項,所長天頻計畫無提報事項,[],0.15384615384615385,0.15384615384615385
410,請水感組賴組長,請水感組賴組長,請水感組賴組長,[],0.0,0.0
411,請人工智慧組湯組長,請人工智慧組湯組長,請人工智慧組湯組長,[],0.0,0.0
412,好請天齊,好請呃聯習,好在去學習,"[['請', '在', 1, 2], ['呃', '去', 2, 3], ['聯', '學', 3, 4]]",0.75,1.0
413,請亢龍鄧主持人,請亢龍鄧主持人,請亢龍鄧主持人,[],0.0,0.0
414,請玄武薛主持人,請玄武薛主持人,請玄武薛主持人,[],0.0,0.0
415,好謝,好線,有傳,"[['好', '有', 0, 1], ['線', '傳', 1, 2]]",0.5,1.0
416,報告所長一件事情提報請陳德富組長那個有關一百零八案那個大額購案還沒有驗結的喔,報告所長一件事情提報請成本副組長那個有關一百零八案那個大購案沒有運且了喔,報告所長一件事情提報報告黃副組長那個有關一百零八案那個外購案沒有結案了喔,"[['請', '報', 10, 11], ['成', '告', 11, 12], ['本', '黃', 12, 13], ['大', '外', 27, 28], ['運', '結', 32, 33], ['且', '案', 33, 34]]",0.21052631578947367,0.2631578947368421
417,年底也要到了喔所以各項那個的驗結還有包括說結報的一個事事項要跟,請底要到了喔所以各項的那個驗結還有包括說結報的一個四事項要跟,年底要到了喔所以各項的那個驗結還有包括說結報的一個事事項要跟,"[['請', '年', 0, 1], ['四', '事', 25, 26]]",0.16129032258064516,0.0967741935483871
418,有在九鵬阿或者是比較呃偏遠的地方做加班的時候喔一定要注意喔,有在九可麻或者是比較呃令的地方作加班的時一定要注意喔,有七號九鵬或者是比較遠遠的地方做加班的喔一定要注意喔,"[['在', '七', 1, 2], ['九', '號', 2, 3], ['可', '九', 3, 4], ['麻', '鵬', 4, 5], ['呃', '遠', 10, 11], ['令', '遠', 11, 12], ['作', '做', 15, 16], ['時', '喔', 19, 20]]",0.2413793103448276,0.2413793103448276
419,大家早安喔那有幾件事情跟各位做一個報告喔就是說因為年底,好大家早安喔那有幾件事情跟各位做一個報告喔就是說院年底,好大家早安喔那有幾件事情跟各位做一個報告喔就是今年年底,"[['說', '今', 23, 24], ['院', '年', 24, 25]]",0.1111111111111111,0.14814814814814814
420,排禮拜三早上九點開檢討會看有沒有協處的地方報告完畢,還禮拜早九點還檢討會看有沒有謝所定方報告完畢,呃禮拜早九點開檢討會看有沒有什麼地方報告完畢,"[['還', '呃', 0, 1], ['還', '開', 6, 7], ['謝', '什', 14, 15], ['所', '麼', 15, 16], ['定', '地', 16, 17]]",0.32,0.24
421,報告所長報告所長一件提報明天院公關室會安排下午三點鐘去,報告所長報告所長一件事情提報明天院工安室會安排效申中去,報告所長報告所長一件事情提報明天院工安室會安排您職出去,"[['效', '您', 23, 24], ['申', '職', 24, 25], ['中', '出', 25, 26]]",0.3333333333333333,0.3333333333333333
422,最後一點就是說因為年終到了喔尾牙聚餐的時候,最後點就是說因為嚴重到了喔我要解下的時候,最後點就是說因為年終到了喔將要結束的時候,"[['嚴', '年', 8, 9], ['重', '終', 9, 10], ['我', '將', 13, 14], ['解', '結', 15, 16], ['下', '束', 16, 17]]",0.3333333333333333,0.23809523809523808
423,報告所長一件事情報告有關本所機敏專案作業區,報告所長一件事情報告有關本所機敏專案作業需,報告所長一件事情報告有關本所機敏專案作業區,"[['需', '區', 20, 21]]",0.047619047619047616,0.0
424,跟資材組還有跟財務組還要密切的配合注意注意一下時效,跟資材組還有跟財務組還密切的配合作一些組一下事項,跟資材組還有跟財務組還密切的配合讓這些做一個事情,"[['作', '讓', 16, 17], ['一', '這', 17, 18], ['組', '做', 19, 20], ['下', '個', 21, 22], ['項', '情', 23, 24]]",0.28,0.32
425,那個院部有交待是說因為最近天氣比較冷喔如果,那個院部有交待是說因為去行天一定要人喔如果,那個院部有交待是說因為這兩天一定要把握狀況,"[['去', '這', 11, 12], ['行', '兩', 12, 13], ['人', '把', 17, 18], ['喔', '握', 18, 19], ['如', '狀', 19, 20], ['果', '況', 20, 21]]",0.2857142857142857,0.42857142857142855
426,報告所長各位長官天齊計畫無提報事項報告完畢,有那所長各位長官這天計畫無提報事項報告完畢,報告所長各位長官天齊計畫無提報事項報告完畢,"[['有', '報', 0, 1], ['那', '告', 1, 2], ['這', '天', 8, 9], ['天', '齊', 9, 10]]",0.19047619047619047,0.0
427,我們有二十個機敏專案有二十六處的機敏作業區,我有二十的精敏專案有二十六處的進作業去,還有二案的科研專案有二十六次的的作業喔,"[['我', '還', 0, 1], ['十', '案', 3, 4], ['精', '科', 5, 6], ['敏', '研', 6, 7], ['處', '次', 13, 14], ['進', '的', 15, 16], ['去', '喔', 18, 19]]",0.2857142857142857,0.47619047619047616
428,那麼要再精減我們會於本週再行檢討報告完畢,那麼要在經檢我們會於本週在新檢討報告完畢,那麼除了精檢我們會於本週再行檢討報告完畢,"[['要', '除', 2, 3], ['在', '了', 3, 4], ['經', '精', 4, 5], ['在', '再', 12, 13], ['新', '行', 13, 14]]",0.25,0.15
429,晚上加班的時候一定要兩個人喔互相的能夠互相的照應,晚上加班的時定兩個人互下的那個補相招音,晚上加班的時候兩個人就會做那個互相對應,"[['定', '候', 6, 7], ['互', '就', 10, 11], ['下', '會', 11, 12], ['的', '做', 12, 13], ['補', '互', 15, 16], ['招', '對', 17, 18], ['音', '應', 18, 19]]",0.4583333333333333,0.4583333333333333
430,拜訪張啟臣委員辦公室本領域配合前往報告完畢,拜訪張期程文報室本於配合消報告完畢,的緊個外稽預報單位呃配合做報告完畢,"[['拜', '的', 0, 1], ['訪', '緊', 1, 2], ['張', '個', 2, 3], ['期', '外', 3, 4], ['程', '稽', 4, 5], ['文', '預', 5, 6], ['室', '單', 7, 8], ['本', '位', 8, 9], ['於', '呃', 9, 10], ['消', '做', 12, 13]]",0.4761904761904762,0.7142857142857143
431,好謝謝請謝副所長,好謝謝請謝副所長,好謝謝請謝副所長,[],0.0,0.0
432,要注意安全因為喝酒不開車,要注意安全因外核酒不開始,要注意安全另外工作剛開始,"[['因', '另', 5, 6], ['核', '工', 7, 8], ['酒', '作', 8, 9], ['不', '剛', 9, 10]]",0.25,0.5
433,沒有喔那今天的晨會就到這邊謝謝各位謝謝,沒有喔那今天的晨麼就個是邊謝謝各位謝謝,沒有喔那今天的晨會就到這邊謝謝各位謝謝,"[['麼', '會', 8, 9], ['個', '到', 10, 11], ['是', '這', 11, 12]]",0.15789473684210525,0.0
434,那以上不曉得各位還有沒有什麼意見,那以上不曉得各位還有沒有什麼意見,那以上不曉得各位還有沒有什麼意見,[],0.0,0.0
435,另外其實第二件事情喔,另外其是第二件事情喔,另外其是第二件事情喔,[],0.1,0.1
436,好謝謝請呂主任,好謝謝請呂主任,好謝謝請呂主任,[],0.0,0.0
437,報告所長本週無提報事項,報告所長本週無提報事項,報告所長本週無提報事項,[],0.0,0.0
438,報告所長本週無提報事項,報告所長本週無提報事項,報告所長本週無提報事項,[],0.0,0.0
439,報告所長本週無提報事項,報告所長本週無提報事項,報告所長本週無提報事項,[],0.0,0.0
440,請黃昭銘副所長,請黃昭銘副所長,請黃昭銘副所長,[],0.0,0.0
441,請黃益進副所長,請黃益進副所長,請黃益進副所長,[],0.0,0.0
442,請曾副所長,請陳副所長,請黃副所長,"[['陳', '黃', 1, 2]]",0.2,0.2
443,報告組長沒有報告,報告所長沒有報告,報告所長沒有報告,[],0.125,0.125
444,請楊副所長,請楊副所長,請楊副所長,[],0.0,0.0
445,乾元廖主持人,請乾元廖主持人,請乾元廖主持人,[],0.16666666666666666,0.16666666666666666
