,Truth,ASR_Predict,asr_acc,asr_wer,right_word
0,軍職跟公教不一樣的地方是上校平均退伍年齡大概五十歲,之直登公找不一樣的地方訴上一小平晨退股內領的的十水,0.44,0.6,"['公', '不一樣的地方', '上', '平', '退', '十', '']"
1,退輔會的努力希望能夠堅持將這一些差異性,會的努力失望能過之子成自己師差與事,0.368421052631579,0.631578947368421,"['會的努力', '望能', '差', '']"
2,那麼公務人員教師退休可以到六十五歲,所們對顧委也走思最收可到任損事,0.117647058823529,0.882352941176471,"['可', '到', '']"
3,那麼也肯定剛才幾位處長回答的,所麼也肯定幹在只未促造回答的,0.5,0.5,"['麼也肯定', '回答的', '']"
4,念大學大概都是他在當公教人員的時候念大學,並大學大度藏在等公交為熱練打,0.25,0.75,"['大學大', '在', '公', '']"
5,退役上校教補費的問題,最預上小就費毒題,0.3,0.7,"['上', '費', '題', '']"
6,那麼退役上校平均年齡五十歲,對於作著平均零五十歲,0.384615384615385,0.615384615384615,"['平均', '五十歲', '']"
7,防疫措施非常的嚴峻,防疫出了非常的嚴峻,0.777777777777778,0.222222222222222,"['防疫', '非常的嚴峻', '']"
8,所以多數退役上校的子女,是多數最一上小的子女,0.545454545454545,0.454545454545455,"['多數', '上', '的子女', '']"
9,首先肯定退輔會,首先肯定退不會,0.857142857142857,0.142857142857143,"['首先肯定退', '會', '']"
10,退輔會各級榮民醫院,不會各級組名一月,0.333333333333333,0.666666666666667,"['會各級', '']"
11,退輔會馮主委李副主委,最股會紅委比副作位,0.3,0.7,"['會', '委', '副', '']"
12,那退下來還有沒有人在念大學有,退下一問拿建立的用,0.142857142857143,0.857142857142857,"['退下', '']"
13,那麼第二個我要問的現在的,第種來問的現在的,0.5,0.5,"['第', '問的現在的', '']"
14,還在讀高中或者大學,還在讀高動獲的大學,0.666666666666667,0.333333333333333,"['還在讀高', '大學', '']"
15,所以他有沒有享受這個福利有,是在日想制的福有,0.153846153846154,0.846153846153846,"['福', '有', '']"
16,軍人大概都晚婚,春輪打的東莞會,0,1,['']
17,大概都在高中大學,下載都在工準發學,0.375,0.625,"['都在', '學', '']"
18,爭取應有的權益,爭取應有的權益,1,0,"['爭取應有的權益', '']"
19,為退役的上校,所最意的想效,0.166666666666667,0.833333333333333,"['的', '']"
20,所以幾乎沒有孩子,是知乎沒有孩子,0.625,0.375,"['乎沒有孩子', '']"
21,呂玉林委員所提的,立玲委員所提的,0.625,0.375,"['委員所提的', '']"
22,從這個角度這是不公平的,誠市的角度就不品道,0.272727272727273,0.727272727272727,"['角度', '不', '']"
23,我在這裡做一點補充,所在這裡做的村,0.444444444444444,0.555555555555556,"['在這裡做', '']"
24,謝謝副主委的說明,視覺工作的順女,0.125,0.875,"['的', '']"
25,都能夠全力支持,有不全地支詞,0.285714285714286,0.714285714285714,"['全', '支', '']"
26,向上級去反應,小小局取法應,0.166666666666667,0.833333333333333,"['應', '']"
27,以及各級榮家,許知各級總教,0.333333333333333,0.666666666666667,"['各級', '']"
28,是讓公教人員,是公正佐夜,0.333333333333333,0.666666666666667,"['是', '公', '']"
29,就像委員講的,這項穩講的,0.333333333333333,0.666666666666667,"['講的', '']"
30,是我跟委員補充,是我根人,0.285714285714286,0.714285714285714,"['是我', '']"
31,所以我相信,出我修息,0.2,0.8,"['我', '']"
32,那個我們對於那個這這這個需求我們是用以緩濟急的方式,的我們對不個此次的系統我們稅動一務繼續的方式,0.36,0.64,"['我們對', '個', '我們', '的方式', '']"
33,跟跟委員報告我們主委非常關心他每個禮拜禮拜,好跟革更為報告我們就的觀設他每這禮拜沒白理,0.428571428571429,0.666666666666667,"['跟', '報告我們', '他每', '禮拜', '']"
34,以緩濟急支應,以及法繼起好指運喔,0.166666666666667,1.33333333333333,"['以', '']"
35,這個審議的時候沒有將你們納入,這個損議的手沒有講引不勞路,0.428571428571429,0.571428571428571,"['這個', '議的', '沒有', '']"
36,一億七千一萬換句話說,一七次一萬的換熱水,0.5,0.6,"['一', '七', '一萬', '換', '']"
37,那剛剛講我們喔我們這個,所剛講我們單等不這個,0.545454545454545,0.454545454545455,"['剛講我們', '這個', '']"
38,防治紓困振新條例裡面,房住書穩正式條例裡面,0.4,0.6,"['條例裡面', '']"
39,退輔會一毛錢都沒有編,最不會一謀全不沒有邊,0.4,0.6,"['會一', '沒有', '']"
40,六千九百萬元,法律肚子九百的辦你,0.333333333333333,1.16666666666667,"['九百', '']"
41,我們認為從我們的公預算,什麼次為成本的工益上,0.181818181818182,0.818181818181818,"['為', '的', '']"
42,都有主持相關的會議啦,主持項本的會議,0.5,0.5,"['主持', '的會議', '']"
43,所以這也是我們不了解,最這訴我們不了解,0.6,0.4,"['這', '我們不了解', '']"
44,所做的各種準備措施,所做的各種準備措施,1,0,"['所做的各種準備措施', '']"
45,各級榮民醫院,訴及能民一類,0.166666666666667,0.833333333333333,"['民', '']"
46,是到底情形是怎麼樣,是導地情緒是怎要,0.444444444444444,0.555555555555556,"['是', '情', '是怎', '']"
47,我相信花了不少預算,所相信化了不少預算,0.777777777777778,0.222222222222222,"['相信', '了不少預算', '']"
48,退輔會編列的預算,推不會編變的預算,0.625,0.375,"['會編', '的預算', '']"
49,榮民要做基金會,中敏第救期決,0,1,['']
50,如果你們提出來了,蘋果女的提出來了,0.625,0.375,"['果', '提出來了', '']"
51,以及榮家的需求,以及準家的需求,0.857142857142857,0.142857142857143,"['以及', '家的需求', '']"
52,榮民榮譽基金會的,功的幾監會,0.125,0.875,"['的', '']"
53,用這一種方式,最總方式,0.333333333333333,0.666666666666667,"['方式', '']"
54,公預算的部分是兩億六,登省故事兩一個,0.1,0.9,"['兩', '']"
55,或者提出需求,就著提出吃誰,0.333333333333333,0.666666666666667,"['提出', '']"
56,是不是能符合,是不是能死責,0.666666666666667,0.333333333333333,"['是不是能', '']"
57,是值得堪慮的,是資的產率的,0.333333333333333,0.666666666666667,"['是', '的', '']"
58,為甚麼退輔會,所熊麼對同罪,0.166666666666667,0.833333333333333,"['麼', '']"
59,沒有提出需求,所有提出市程,0.5,0.5,"['有提出', '']"
60,那麼我再請教一下,有在請教要,0.25,0.75,"['請教', '']"
61,但是這次的,是自這次的,0.8,0.4,"['是', '這次的', '']"
62,而行政院沒有給,所行度沒給,0.428571428571429,0.571428571428571,"['行', '沒', '給', '']"
63,來來來去支應,來了的去之意,0.333333333333333,0.666666666666667,"['來', '去', '']"
64,如果你們可以爭取到為什麼不去爭取能夠對,所果你們可以爭取道為什麼不只爭取能不隊,0.736842105263158,0.263157894736842,"['果你們可以爭取', '為什麼不', '爭取能', '']"
65,輔導會去年編制今年的預算,輔導會去年子知零的預算,0.666666666666667,0.333333333333333,"['輔導會去年', '的預算', '']"
66,年初給付一定用現有的榮民,因穩你自求地種是民的中明,0.083333333333333,0.916666666666667,"['民', '']"
67,負擔的防疫責任相當的重大,負擔著法異則日商當的重大,0.5,0.5,"['負擔', '當的重大', '']"
68,這一點我請副主委回去跟主委報告,這給握情副組為不去個組意到,0.2,0.8,"['這', '副', '去', '']"
69,比如說是榮民的月月退,百敏的一屆機退,0.2,0.9,"['的', '退', '']"
70,我們從這邊移過來其實在業務其他的,本針這的敵過取在救其他的,0.375,0.625,"['這', '過', '在', '其他的', '']"
71,那你的以緩濟急的這個科子目項目,你的一緩計值的這個科技目項目,0.666666666666667,0.333333333333333,"['你的', '緩', '的這個科', '目項目', '']"
72,如果年度那裡還有急迫需求,所本別度力冕還有極各度需求,0.416666666666667,0.666666666666667,"['度', '還有', '需求', '']"
73,所以這一部份我們一向都會有一個,是這動我不的項的會有個,0.333333333333333,0.666666666666667,"['這', '我', '會有', '個', '']"
74,各級防疫做出更好的貢獻,日及防意做出度好的貢獻,0.636363636363636,0.363636363636364,"['防', '做出', '好的貢獻', '']"
75,這樣子合起來四億,建走合諧私語,0.125,0.875,"['合', '']"
76,可是到年底的時候,實失到年底的生,0.5,0.5,"['到年底的', '']"
77,應該都有他的科子目,應內都有他的科指密,0.666666666666667,0.333333333333333,"['應', '都有他的科', '']"
78,去爭取因為退輔會,去爭取因為最不會,0.75,0.25,"['去爭取因為', '會', '']"
79,尤其是各級榮民醫院,取是六級總頂一月,0.222222222222222,0.777777777777778,"['是', '級', '']"
80,只要是給付的部分,只要是起訴的部分好,0.75,0.375,"['只要是', '的部分', '']"
81,我們的業務其實是不受影響的,整的第五其是不受影響的,0.615384615384615,0.384615384615385,"['的', '其', '是不受影響的', '']"
82,做了很多事我都肯定,做很多是和都肯定,0.666666666666667,0.333333333333333,"['做', '很多', '都肯定', '']"
83,而不是吃自己的預算,不計吃自己的預算,0.777777777777778,0.222222222222222,"['不', '吃自己的預算', '']"
84,跟從我們的基金預算,全文的極聚地山,0.111111111111111,0.888888888888889,"['的', '']"
85,請問現在才三月份,請木線的才三月本,0.5,0.5,"['請', '才三月', '']"
86,對我是提醒善意提醒,國子整寫生意提醒,0.333333333333333,0.666666666666667,"['意提醒', '']"
87,我們在業務上是不受影響的,請在業務上是不受理下,0.583333333333333,0.416666666666667,"['在業務上是不受', '']"
88,跟委員解釋就是說,跟只是好就是,0.375,0.625,"['跟', '就是', '']"
89,四億大概三千,四日大概善錢,0.5,0.5,"['四', '大概', '']"
90,你從哪裡來支應,你春哪裡來之力,0.571428571428571,0.428571428571429,"['你', '哪裡來', '']"
91,如果移來做這個,所有依來做這個,0.571428571428571,0.428571428571429,"['來做這個', '']"
92,一定有榮民凋零了,第人們調比的,0,1,['']
93,政府部門出來的,這不動麼出來的,0.428571428571429,0.571428571428571,"['出來的', '']"
94,我想我們都是從,所小我們都是存,0.571428571428571,0.428571428571429,"['我們都是', '']"
95,我們再編預算,北上討,0,1,['']
96,那這樣暫行條例的部分因為這是國防部業管啦那我們也跟國防部密切合作,設對戰行條例的動風女之廣不比管能到沒跟管不密記樓,0.21875,0.78125,"['行條例的', '管', '跟', '密', '']"
97,暫行條例在今年三十十二月三十一號要截止,在行條例在經別三所月三級好要執起,0.421052631578947,0.578947368421053,"['行條例在', '三', '月三', '要', '']"
98,因為不能把預期每年凋零的榮民,因為不能把預其軌年九林的農民,0.642857142857143,0.357142857142857,"['因為不能把預', '年', '的', '民', '']"
99,其他現役軍人的募兵制條例裡,石他是與軍準的目冰警條例,0.384615384615385,0.615384615384615,"['他', '軍', '的', '條例', '']"
100,所回饋的這一筆錢來當作,者隨貴的這一筆錢來當作,0.727272727272727,0.272727272727273,"['的這一筆錢來當作', '']"
101,就是一個招募募兵制的誘因,正是一個災務木根置的用,0.333333333333333,0.666666666666667,"['是一個', '的', '']"
102,請問退輔會對這一件事情的態度怎麼樣,除退不會對制治世覺的態度怎樣,0.470588235294118,0.529411764705882,"['退', '會對', '的態度怎', '樣', '']"
103,希望募兵制的自願役的軍人來,吃了務必子的誌願與的軍人來,0.461538461538462,0.538461538461538,"['的', '願', '的軍人來', '']"
104,那現在十二月三十一號就要到了,所是的所月三時後就到,0.285714285714286,0.714285714285714,"['月三', '就', '到', '']"
105,以緩濟急的一個預算額度,以緩制題的一個預算額,0.727272727272727,0.272727272727273,"['以緩', '的一個預算額', '']"
106,是跟委委員報告謝謝委員,是更貴文報告細球人喔,0.272727272727273,0.727272727272727,"['是', '報告', '']"
107,就不確定那我們的部分,不去給我們的度分考,0.5,0.6,"['不', '我們的', '分', '']"
108,家屬的水電優惠,交屬的水電優會,0.714285714285714,0.285714285714286,"['屬的水電優', '']"
109,這個當初列在,這個幫租內在,0.5,0.5,"['這個', '在', '']"
110,這個是不正確的一個做法,這個是正確的一句好話,0.636363636363636,0.363636363636364,"['這個是', '正確的一', '']"
111,國防部希望能夠能夠延長,還不希望過明夠嚴廠,0.272727272727273,0.727272727272727,"['希望', '夠', '']"
112,他希望延長那是不是能夠順利,像原找本是不是能不順利,0.461538461538462,0.538461538461538,"['是不是能', '順利', '']"
113,但是該爭取的預算,反次改爭取的預算,0.625,0.375,"['爭取的預算', '']"
114,最後一點時間我想請教,事不的此建我想請教,0.4,0.6,"['我想請教', '']"
115,條例截止之前能夠完成,小例之子之前能對完,0.5,0.5,"['例', '之前能', '完', '']"
116,優待的措施我們要,日蛋的措事怎麼樣,0.25,0.75,"['的措', '']"
117,正在審查中,正在審查證,0.8,0.2,"['正在審查', '']"
118,都已經完成修法,已經完成修法,0.857142857142857,0.142857142857143,"['已經完成修法', '']"
119,輔導條例部分跟剛剛跟委員報告,所長該工的當重報,0.071428571428572,0.928571428571429,"['報', '']"
120,是不是請輔導會,是不是只輔導會,0.857142857142857,0.142857142857143,"['是不是', '輔導會', '']"
121,這個暫行條例裡面,這個載尋求例裡面,0.625,0.375,"['這個', '例裡面', '']"
122,條例要停止了,條例了停止了,0.833333333333333,0.166666666666667,"['條例', '停止了', '']"
123,還是會照顧你,還社會債顧,0.5,0.5,"['還', '會', '顧', '']"
124,修改輔導條例,是改復導條,0.5,0.5,"['改', '導條', '']"
125,那我兩邊都進行,上們兩個個進行,0.428571428571429,0.571428571428571,"['兩', '進行', '']"
126,還沒有修法,還沒有修法,1,0,"['還沒有修法', '']"
127,那這一部份,是這不喔,0.2,0.8,"['這', '']"
128,一百零五年來到一百零八年我們的年收租金從十六點八萬增加到,百零五年來的一百領把牛們的名生租金層十六表八本增加到,0.607142857142857,0.392857142857143,"['百零五年來', '一百', '們的', '租金', '十六', '八', '增加到', '']"
129,然後產權十分破碎等等這些都能夠理解,然程學十分破歲等等最都的夠理解,0.588235294117647,0.411764705882353,"['然', '十分破', '等等', '都', '夠理解', '']"
130,這個我是我無法理解是不是可以請說明一下下,這個所無法律解釋可以請說明下象,0.55,0.45,"['這個', '無法', '解', '可以請說明', '下', '']"
131,但是我不太能夠瞭解的是為什麼在,是站能夠標解的時為什麼在,0.6,0.4,"['是', '能夠', '解的', '為什麼在', '']"
132,榮民他們的這些可能是沒有繼承人,農敏他本的這些可能是沒有繼承人,0.8,0.2,"['他', '的這些可能是沒有繼承人', '']"
133,這個部份我現在直接口頭我覺得也不公平,這個部分特新在直接口頭就得有公平,0.611111111111111,0.388888888888889,"['這個部', '在直接口頭', '得', '公平', '']"
134,年收租金當作唯一的指標,免收租金黨做唯一的指標,0.727272727272727,0.272727272727273,"['收租金', '唯一的指標', '']"
135,還有建物的出租數也大幅度的在增加,還有見部的出度數也打幅度的參加,0.625,0.375,"['還有', '的出', '數也', '幅度的', '加', '']"
136,我們預期要達到多少比例,們對其要達到多少比例,0.727272727272727,0.272727272727273,"['們', '要達到多少比例', '']"
137,五百三十萬總共是三十一倍,百在十萬走公是賽之一備,0.416666666666667,0.583333333333333,"['百', '十萬', '是', '一', '']"
138,我們的租金或者是活化的個案,好然五的租金否的國法格案,0.384615384615385,0.769230769230769,"['的租金', '的', '案', '']"
139,真的不簡單也給予肯定,這不簡單也非肯定號,0.6,0.5,"['不簡單也', '肯定', '']"
140,這個租賃的情況是真的是不大好,個出入的情況斯這麼是不到,0.428571428571429,0.571428571428571,"['個', '的情況', '是不', '']"
141,而是它實質的活化的目標,還是到實值得合法的目標,0.454545454545455,0.545454545454545,"['是', '實', '的目標', '']"
142,也沒有什麼作為不大積極,你個可某作為不到激器,0.272727272727273,0.727272727272727,"['作為不', '']"
143,這中間當然很多我們研訂的都是,這中爭大都無一這個都是,0.285714285714286,0.714285714285714,"['這中', '都是', '']"
144,好謝謝輔導會的努力謝謝,世覺不導貝的努力借謝,0.454545454545455,0.545454545454545,"['導', '的努力', '謝', '']"
145,但是我在這邊要特別要求,但是我的隊調特別要求,0.636363636363636,0.363636363636364,"['但是我', '特別要求', '']"
146,我們的收入居然都是零阿,們的收入這都是了,0.545454545454545,0.454545454545455,"['們的收入', '都是', '']"
147,面積可能很小,面積可能前小,0.833333333333333,0.166666666666667,"['面積可能', '小', '']"
148,一百零四年之前,百零四年之前,0.857142857142857,0.142857142857143,"['百零四年之前', '']"
149,那我們從這個土地,廈本籌這的土地,0.375,0.625,"['這', '土地', '']"
150,第一個跟委員報告一下我還是,一者更龍包小果日,0.076923076923077,0.923076923076923,"['一', '']"
151,那所捐助的不動產,的組之作的不動產,0.5,0.5,"['的不動產', '']"
152,那我能夠理解就是說,我的更敵只的說,0.222222222222222,0.777777777777778,"['我', '說', '']"
153,那從三案增加到,所總賽在增加到,0.428571428571429,0.571428571428571,"['增加到', '']"
154,是否以書面回應好嗎,是得以書面回應好嗎,0.888888888888889,0.111111111111111,"['是', '以書面回應好嗎', '']"
155,我們已經報行政院在審查中,送機報喜就會在市場,0.166666666666667,0.833333333333333,"['報', '在', '']"
156,一百零四年之前阿,百市別之前了,0.375,0.625,"['百', '之前', '']"
157,到如何這個部分,到如何這個部分,1,0,"['到如何這個部分', '']"
158,第一個首先要拍賣嗎,第個首心的拍賣,0.555555555555556,0.444444444444444,"['第', '個首', '拍賣', '']"
159,過去怎麼了,取怎麼了,0.6,0.4,"['怎麼了', '']"
160,產權也破碎它的使用強度或者是它的商業價值可能沒有這麼高,產就有博髓他的使用強度過的是他的商業價值可能沒有這麼高,0.703703703703704,0.296296296296296,"['產', '的使用強度', '是', '的商業價值可能沒有這麼高', '']"
161,我不會以這個年收租金因為我理解有些地方可能比較偏遠,不會以這個點手租金為我第解又些地方可能照片點,0.6,0.4,"['不會以這個', '租金', '為我', '解', '些地方可能', '']"
162,以及時事然是武漢肺炎或是新冠肺炎持續,以及實施的水完費獲型本費也持續,0.222222222222222,0.777777777777778,"['以及', '持續', '']"
163,我可能委託專業者來協助我們阿給他一些傭金,可能委專略者來其訴我們給寫教點,0.45,0.55,"['可能委', '專', '者來', '我們', '給', '']"
164,那我們現在全台有十六間的榮民之家,不就全在就共有十六覺得革明之家,0.375,0.625,"['全', '有十六', '之家', '']"
165,提醒董事長一件事情就是我們的這些,提醒董事整一就事情了就是我們的這些,0.875,0.1875,"['提醒董事', '一', '事情', '就是我們的這些', '']"
166,是我們剛剛我們的處長對委員的說明簡單的說,是古家我們的系長頓順覺帶不說,0.3,0.7,"['是', '我們的', '長', '說', '']"
167,針對這些慢性病的患者是他,針隊之前慢性閉的患九時的,0.416666666666667,0.583333333333333,"['針', '慢性', '的患', '']"
168,那我們可以看到有一個慣性就是針對,那個可以可的到也個關心就是針對,0.5625,0.5,"['那', '可以', '到', '個', '就是針對', '']"
169,的最主要最危險的一個群眾,的自主要最回險的一個群眾況,0.833333333333333,0.25,"['的', '主要最', '險的一個群眾', '']"
170,我我們多少時間可可可以做出來,文的時者的開這出來,0.214285714285714,0.785714285714286,"['時', '出來', '']"
171,第一我們賣的越來越難賣了,文會的業夜頭賣,0.166666666666667,0.833333333333333,"['的', '賣', '']"
172,華盛頓州的金恩郡,所審頓週的今溫去,0.25,0.75,"['頓', '的', '']"
173,也有六死了六位死亡,也度死個號六位死亡,0.666666666666667,0.444444444444444,"['也', '死', '六位死亡', '']"
174,可以出租我們都努力了所以未來大概,可以吃就目努力的是未來台,0.375,0.625,"['可以', '努力', '未來', '']"
175,以及合作廠商之間,以及著合作場效之接喔,0.625,0.625,"['以及', '合作', '之', '']"
176,我們下的結論可能剛剛羅志委員有講,我曬覺很剛的最我月長,0.125,0.875,"['我', '剛', '']"
177,就是中間我們的所謂的利益,種建我們的作的利益,0.5,0.5,"['我們的', '的利益', '']"
178,榮家三種人一種榮民,總家山董性不相米,0.111111111111111,0.888888888888889,"['家', '']"
179,那可不可以跟我們說明一下,可被根文十比攝,0.083333333333333,0.916666666666667,"['可', '']"
180,這兩天最大的新聞,這兩天最大的新聞,1,0,"['這兩天最大的新聞', '']"
181,現在我們到底,現在我們到底,1,0,"['現在我們到底', '']"
182,第二租金的部分,自制的動,0.142857142857143,0.857142857142857,"['的', '']"
183,我們做了些甚麼好不好,們做了選手吧,0.3,0.7,"['們做了', '']"
184,每天早上晚上,每天砸上館家,0.5,0.5,"['每天', '上', '']"
185,可以保持住,老資主,0,1,['']
186,實際的作為,奇界的作為,0.6,0.4,"['的作為', '']"
187,榮民伯伯,好裝易給備,0,1.25,['']
188,然後有多少人,有多少人,0.666666666666667,0.333333333333333,"['有多少人', '']"
189,這個可能還是要,這個可能下,0.571428571428571,0.428571428571429,"['這個可能', '']"
190,各量一次體溫,這兩是提問,0,1,['']
191,一個禮拜內,禮待命,0.2,0.8,"['禮', '']"
192,不準進來的不管是訪客還是員工還是住民,總進來的新廣這反可品還是還是嚴還是正,0.388888888888889,0.722222222222222,"['進來的', '還是', '還是', '']"
193,然後呢有問題那邊都有醫生跟護士,隱達後了零屏問在比動以及審個故事,0.133333333333333,1,"['後', '問', '']"
194,報完那就是說如果他有高燒,來就蘋果她有到燒,0.333333333333333,0.666666666666667,"['就', '果', '有', '燒', '']"
195,這個境外的這個那是,這個的親外的導致人那是,0.666666666666667,0.555555555555556,"['這個', '外的', '那是', '']"
196,進出跟所有的外人一樣,炒致新口更受的萬樣,0.2,0.9,"['的', '樣', '']"
197,都一定要要要要一定要量體溫,土一定表照表預料表情,0.153846153846154,0.846153846153846,"['一定', '']"
198,一定是測體溫戴口罩,電視這底溫代口道,0.222222222222222,0.777777777777778,"['溫', '口', '']"
199,工作人員是十四位在家隔離,工作人別是是四櫃在價格離,0.583333333333333,0.416666666666667,"['工作人', '是', '四', '在', '離', '']"
200,所以榮民是六位在家隔離,雖革敏是對會在價格領,0.181818181818182,0.818181818181818,"['是', '在', '']"
201,照服員啦廚師都一樣,產物也聊只是都樣,0.222222222222222,0.777777777777778,"['都', '樣', '']"
202,所以我們現在的住民他有,生我們線的治美要帶有,0.363636363636364,0.727272727272727,"['我們', '的', '有', '']"
203,旅旅遊史的人,迪時的了腦,0.166666666666667,1,"['的', '']"
204,我們的榮民的部分有,的綿米的更有,0.333333333333333,0.666666666666667,"['的', '的', '有', '']"
205,那另外有在家隔離,所要第外有再價格離,0.375,0.75,"['外有', '離', '']"
206,那如果你有,陸局股女友,0,1,['']
207,或本來就比較虛弱的,這得得習助,0,1,['']
208,我我我們榮總本身,廣東能總長的罪,0.125,1,"['總', '']"
209,訪客跟工作人員,防客跟工作人員,0.857142857142857,0.142857142857143,"['客跟工作人員', '']"
210,包括我們委外的,被我外的,0.428571428571429,0.571428571428571,"['我', '外的', '']"
211,我們的同仁是十四,甜你是實四,0.25,0.75,"['是', '四', '']"
212,問你的旅遊史,你的的遊西,0.5,0.5,"['你的', '遊', '']"
213,我們的員工跟訪客,們軍單更放購,0.125,0.875,"['們', '']"
214,都照這樣處理,好都在價醬處理,0.5,0.666666666666667,"['都', '處理', '']"
215,我們每天都給口罩,子的給口罩,0.375,0.625,"['給口罩', '']"
216,都有設隔離室,是各一事,0,1,['']
217,六個在家隔離,六個在家格裡,0.666666666666667,0.333333333333333,"['六個在家', '']"
218,各式各樣的,各是各樣的喔,0.8,0.4,"['各', '各樣的', '']"
219,如果他沒有家人的話,王日戰嗎,0,1,['']
220,訪客要進來,常客較進來,0.6,0.4,"['客', '進來', '']"
221,現在只有五個了,在就一的,0.142857142857143,0.857142857142857,"['在', '']"
222,包括我們的同仁,幫我的討論,0.285714285714286,0.714285714285714,"['我', '的', '']"
223,好現在剩下五個,手適的市我,0,1,['']
224,也是一樣她也她要離開工作崗位超過一天兩天,所是要他也特有離開工作崗位操作一對兩天,0.55,0.45,"['是', '要', '離開工作崗位', '一', '兩天', '']"
225,回來的話一定是在在家隔離十四天以後,雖以來的話一定是在再加隔律師世界以會,0.529411764705882,0.529411764705882,"['來的話一定是在', '隔', '以', '']"
226,他請假假如長的時候我們還要讓他付他的機票,呃請假加強就時候龍的布達的基票,0.3,0.7,"['請假', '時候', '的', '票', '']"
227,不是啦十四家啦十四個榮家主任啦,十四家了套十四個仍家主任的,0.6,0.466666666666667,"['十四家', '十四個', '家主任', '']"
228,那個榮民一定是準確掌握因為她一定要請假,這個龍擬定速五者確掌委因為待表請假,0.421052631578947,0.631578947368421,"['個', '定', '確掌', '因為', '請假', '']"
229,他先到先請假我們就知道他預計到哪裡,他是保真請教六教他預計到哪裡,0.470588235294118,0.529411764705882,"['他', '請', '他預計到哪裡', '']"
230,我們如何掌握他的旅遊史以及接觸史,本如可掌握他的比由是一及接觸事,0.5,0.5,"['如', '掌握他的', '及接觸', '']"
231,我們現在的掌握是怎麼掌握掌握了些什麼,們現掌握只這麼掌握掌握的就什麼,0.611111111111111,0.388888888888889,"['們現', '掌握', '麼掌握掌握', '什麼', '']"
232,因為我們看到這個個案其實很驚人,沒有看到這格來自成經人喔,0.266666666666667,0.8,"['看到這', '人', '']"
233,榮民的話她要離開一定要請假,人民的外他調離開定請假,0.538461538461538,0.461538461538462,"['民的', '離開', '定', '請假', '']"
234,謝謝委員我是養護處處長,貼為我一就養戶重處長,0.363636363636364,0.727272727272727,"['我', '養', '處長', '']"
235,跟十四家榮總,跟四四家總種上是,0.666666666666667,0.833333333333333,"['跟', '四家', '總', '']"
236,所以說這些委外人員從大陸回,協助這些委外元主大度回劃,0.461538461538462,0.615384615384615,"['這些委外', '大', '回', '']"
237,分割或者是分門別類,分格不子真能給了,0.111111111111111,0.888888888888889,"['分', '']"
238,我們主委每個禮拜一,本職有買個裏待遇,0.111111111111111,0.888888888888889,"['個', '']"
239,公司也一定會查查他,就事也定會查查到,0.555555555555556,0.444444444444444,"['也', '定會查查', '']"
240,他也是要向公司請假,他也是要向公司請假,1,0,"['他也是要向公司請假', '']"
241,位十四位加五位,會十四位著五位,0.714285714285714,0.285714285714286,"['十四位', '五位', '']"
242,那現在掌握的現況如何,身心的掌握險況如何,0.5,0.5,"['掌握', '況如何', '']"
243,然後我這次要問的問題是,那我自歲的問的問題是,0.545454545454545,0.454545454545455,"['我', '問的問題是', '']"
244,那榮家也是區分,那龍得也是確跟,0.428571428571429,0.571428571428571,"['那', '也是', '']"
245,就會在我們的榮家,住戰的專家,0.25,0.75,"['的', '家', '']"
246,是有他的旅遊史,是有他的旅遊逝,0.857142857142857,0.142857142857143,"['是有他的旅遊', '']"
247,那委外的人員的話,那委外的人員的話,1,0,"['那委外的人員的話', '']"
248,所彙整出來的,所彙整出來,0.833333333333333,0.166666666666667,"['所彙整出來', '']"
249,對我們一定會掌握到,是一定會掌握到,0.666666666666667,0.333333333333333,"['一定會掌握到', '']"
250,的個單獨的隔離,的更單獨的個,0.571428571428571,0.428571428571429,"['的', '單獨的', '']"
251,而且付他的機票,而簡負雜的機票,0.571428571428571,0.428571428571429,"['而', '的機票', '']"
252,到哪裡我們都知道,到來裡我們的指導,0.5,0.5,"['到', '裡我們', '']"
253,有沒有任何要補充,呃有關了的補成,0.25,0.75,"['有', '補', '']"
254,那是否有把它,但是否有吧,0.5,0.5,"['是否有', '']"
255,還有接觸史,還借助事,0.2,0.8,"['還', '']"
256,提醒一下現在聯合醫院已經有集體離職的離職潮了喔,提醒小吃的別合醫院已經有集體離職的你職潮樓,0.652173913043478,0.347826086956522,"['提醒', '合醫院已經有集體離職的', '職潮', '']"
257,那有有偵測到說這些工作人員醫護人員,那永不之這道所這些工作人員醫護人員,0.647058823529412,0.352941176470588,"['那', '這些工作人員醫護人員', '']"
258,目前我們已經啟動心心理的輔導了,目前我們理經啟動新七理的輔導,0.733333333333333,0.266666666666667,"['目前我們', '經啟動', '理的輔導', '']"
259,昨天跟前昨天在確認是十三位,昨天本的且昨天的確都十三圍,0.538461538461538,0.538461538461538,"['昨天', '昨天', '確', '十三', '']"
260,所以她每個禮拜跟十四家的榮,是他每個禮拜的四假的動,0.384615384615385,0.538461538461538,"['每個禮拜', '的', '']"
261,醫療系統如果人開始離職的話,醫療系統魔人開始離值的話,0.769230769230769,0.230769230769231,"['醫療系統', '人開始離', '的話', '']"
262,今天又增加到十四位工作人員在居家隔離,經有增加的十四位工作人的聚價格力,0.444444444444444,0.555555555555556,"['增加', '十四位工作人', '']"
263,正在辦理這個離職的程序,正在本理這個比職的程序,0.818181818181818,0.181818181818182,"['正在', '理這個', '職的程序', '']"
264,以及私人院所基層診所可以靠了,一只四人院所機成診所可以搞了,0.571428571428571,0.428571428571429,"['人院所', '診所可以', '了', '']"
265,是否可以我們那個葛處長葛處長,是否給我們那個個處長格處長,0.714285714285714,0.285714285714286,"['是否', '我們那個', '處長', '處長', '']"
266,他們相對應她們有什麼需求,他們想對一旁沒什麼需求,0.583333333333333,0.416666666666667,"['他們', '對', '什麼需求', '']"
267,我很擔心台北市身為首都,所擔心台北是生的手都,0.454545454545455,0.545454545454545,"['擔心台北', '都', '']"
268,或或崗位上面的一些問題嗎,和崗位小面的一修問題嗎,0.666666666666667,0.333333333333333,"['崗位', '面的一', '問題嗎', '']"
269,會成為我們防疫的破口,而成為我們防意的多口,0.7,0.3,"['成為我們防', '的', '口', '']"
270,我這邊為甚麼會特別提因為我們,我只備為什麼會特別提問我們,0.642857142857143,0.357142857142857,"['我', '為', '麼會特別提', '我們', '']"
271,你們的標準是甚麼這個就請確認一下,們的標準是什麼這請確了一下,0.6875,0.3125,"['們的標準是', '麼這', '請確', '一下', '']"
272,最後一個部份剩下一分鐘的時間,這的部分的時下一更照時間,0.357142857142857,0.714285714285714,"['部', '分', '的時', '間', '']"
273,五十個醫護人員,十個醫戶肯員,0.571428571428571,0.428571428571429,"['十個醫', '員', '']"
274,有一些異狀或者是,有些地轉獲的是,0.375,0.625,"['有', '些', '是', '']"
275,五十個醫護人員,若實的醫護人員,0.571428571428571,0.428571428571429,"['醫護人員', '']"
276,葛處長我請教一下,的住找請教一下,0.5,0.5,"['請教一下', '']"
277,你們一定要做好,一定要做好,0.714285714285714,0.285714285714286,"['一定要做好', '']"
278,我我比較好奇就是說,所我較好奇說,0.555555555555556,0.444444444444444,"['我', '較好奇', '說', '']"
279,所以在這邊提醒一下,誰了這個提醒一下,0.555555555555556,0.444444444444444,"['這', '提醒一下', '']"
280,第一線的工作人員,一是的工作人員,0.75,0.25,"['一', '的工作人員', '']"
281,這個榮家的,把這種價的,0.4,0.8,"['這', '的', '']"
282,有這樣的現況嗎,有這樣的現況嗎,1,0,"['有這樣的現況嗎', '']"
283,這個要提醒一下,這提形象,0.285714285714286,0.714285714285714,"['這', '提', '']"
284,對於工作上面,與工作上面,0.666666666666667,0.333333333333333,"['工作上面', '']"
285,就剩下中央,就是家重要,0.2,0.8,"['就', '']"
286,每天要回報,每天回報,0.8,0.2,"['每天', '回報', '']"
287,所以這個部分,這以對部分,0.5,0.5,"['這', '部分', '']"
288,那個是疾管局的報表上面的是高危險的人物的自主管理沒有發燒沒有任何的確診,所的是計外覺的到表上面的是更更危險的人物的自主管理沒發送六熱個的確的,0.571428571428571,0.428571428571429,"['的', '表上面的是', '危險的人物的自主管理沒', '發', '的確', '']"
289,那接下來最後一個剛剛副主委說在我們十四家的這個榮家裏頭兩家分院,會接在最後一個尷剛副組委說這姆此斯家的這個文在裏的等家分對,0.516129032258065,0.483870967741936,"['接', '最後一個', '剛副', '委說', '家的這個', '裏', '家分', '']"
290,那至於在這樣的情況之下十四位的工作者是怎麼樣感染來的,最在降停步自項斯斯位的尊作者是怎麼丹賣奶的,0.346153846153846,0.653846153846154,"['在', '位的', '作者是怎麼', '的', '']"
291,在榮單身是在榮家的一個隔離室,在龍內單純的是在龍家的就隔離次,0.571428571428571,0.571428571428571,"['在', '單', '是在', '家的', '隔離', '']"
292,或是他量體溫超過政府規定就要,特出要良平財我總規著走票,0.071428571428572,0.928571428571429,"['要', '']"
293,不是感染的那是疾管局每天要報的報表,不是改染的類的是幾管局用每天帶的代表,0.647058823529412,0.470588235294118,"['不是', '染的', '是', '管局', '每天', '的', '表', '']"
294,都沒有感染也沒有發燒但是我們要做一個統計表,對月改來沒有法送帶就沒有做的統計表,0.380952380952381,0.714285714285714,"['沒有', '沒有', '做', '統計表', '']"
295,那有眷的是在外面他自己家裡面,那有這的是在半月它計佳裡面,0.5,0.5,"['那有', '的是在', '裡面', '']"
296,中港澳回臺灣的高危險者,香港澳回臺灣的高危選者,0.818181818181818,0.181818181818182,"['港澳回臺灣的高危', '者', '']"
297,含委外的人廚師,含與外著人跑求師,0.571428571428571,0.571428571428571,"['含', '外', '人', '師', '']"
298,好好去維護讓大家都能夠安全,唐爾就為護換帶在更能感安全,0.307692307692308,0.692307692307692,"['護', '能', '安全', '']"
299,超過十四天沒有症狀才會返回榮家,從會實世界六正狀成法規龍量,0.066666666666667,0.933333333333333,"['會', '']"
300,那我們榮家呢那那六個變五個現在呢,那們家的妹妹對個並五個競在,0.4375,0.5625,"['那', '們', '家', '個', '五個', '在', '']"
301,十四位我們沒沒沒有感染的人,是我們們六感短的,0.307692307692308,0.692307692307692,"['我們', '感', '的', '']"
302,不剛剛跟委員報告,不跑的他們等回報,0.25,0.875,"['不', '報', '']"
303,那個是從中港澳回來他沒有感染,那個是從這奪回沒有改染,0.571428571428571,0.428571428571429,"['那個是從', '回', '沒有', '染', '']"
304,那三位都是自主管理,這專為都是自主管理,0.666666666666667,0.333333333333333,"['都是自主管理', '']"
305,我們的同仁,保贏的臺人,0.2,0.8,"['的', '']"
306,但是那個時候是二月份的時候,賽書那個蘇資用運份的時候,0.461538461538462,0.538461538461538,"['那個', '份的時候', '']"
307,委外的人他必須戴口罩,買外的被得口造,0.3,0.7,"['外的', '口', '']"
308,請要隨時提報好不好,請量隨時提報報寶,0.555555555555556,0.444444444444444,"['請', '隨時提報', '']"
309,那剛剛我特別提出的,會當了特面的住的,0.222222222222222,0.777777777777778,"['特', '的', '']"
310,到目前為止到昨天,在目前為照昨天,0.625,0.375,"['目前為', '昨天', '']"
311,那工作人員只有四位,工作員就四位,0.555555555555556,0.444444444444444,"['工作', '員', '四位', '']"
312,我們通通每一個人都戴口罩,傳東的沒短的帶走上,0,1,['']
313,那他們都沒有,是談們動電,0.166666666666667,0.833333333333333,"['們', '']"
314,他們居家隔離,他們聚價格離,0.5,0.5,"['他們', '離', '']"
315,是說從中港,是說從中港,1,0,"['是說從中港', '']"
316,有十四位要在,實四未有對,0.166666666666667,0.833333333333333,"['四', '']"
317,現在只有三位,所二些就三位,0.333333333333333,0.666666666666667,"['三位', '']"
318,怎麼怎麼感染來的,怎麼怎麼敢來沒,0.625,0.375,"['怎麼怎麼', '來', '']"
319,榮民是三位,整理是三位,0.6,0.4,"['是三位', '']"
320,我希望我們讓我們的榮民是真正從心理的,是我們那母的人女子政治總孫你的,0.222222222222222,0.777777777777778,"['我們', '的', '的', '']"
321,那看到這個數字呢我一則以喜,太看待做的數字難的女警一起,0.307692307692308,0.769230769230769,"['看', '數字', '一', '']"
322,那為什麼突然間我們的營利可以這麼多呢,不行的通然金我們的域可震動,0.277777777777778,0.722222222222222,"['然', '我們的', '可', '']"
323,這這這個大概是這樣子說,的自這個大概是將其時好,0.454545454545455,0.545454545454545,"['這個大概是', '']"
324,那會不會被認為說是,發會饋帶不特們是字,0.333333333333333,0.888888888888889,"['會', '不', '是', '']"
325,基金的設置目就是要照顧榮民榮眷,提行生入證再不總湧件,0,1,['']
326,跟我的秘書長用點心,根本們的記的虐長目的心,0.333333333333333,0.888888888888889,"['的', '長', '心', '']"
327,的這一個基金的目的是甚麼,的這的紀境的目的此什麼,0.5,0.5,"['的這', '的目的', '麼', '']"
328,有一個機制是適度去調,文的機制是適度之條,0.5,0.5,"['機制是適度', '']"
329,都不處理我們就幫她處理了,不處理和不是把到處理,0.416666666666667,0.583333333333333,"['不處理', '處理', '']"
330,而不是一二十年我們再來調一個,們是一六十女我們在的糖等,0.357142857142857,0.642857142857143,"['是一', '十', '我們', '']"
331,今天是秘書長到嗎,今會自故司等當,0.125,0.875,"['今', '']"
332,我覺得這個非常重要尤其,我是這量重年尤起,0.363636363636364,0.636363636363636,"['我', '這', '重', '尤', '']"
333,希望副主委,上自對望,0.2,1,"['望', '']"
334,好就這一位是嘛,或這就問什,0.142857142857143,0.857142857142857,"['這', '']"
335,這個我們設置的目的是甚麼,是的不親字的目對此,0.166666666666667,0.833333333333333,"['的目', '']"
336,就黃金啦外鈔,楊金腦外找,0.333333333333333,0.666666666666667,"['金', '外', '']"
337,怎麼說我們以前,怎麼是跟學頭,0.285714285714286,0.714285714285714,"['怎麼', '']"
338,有一些是,如實是,0.25,0.75,"['是', '']"
339,特別是清寒的榮民榮眷,可知氣年的總為重件,0.1,0.9,"['的', '']"
340,這個救助當中,這的制住當中,0.5,0.5,"['這', '當中', '']"
341,譬如說有一個叫華心,平受一個腳滑心,0.333333333333333,0.666666666666667,"['一個', '心', '']"
342,我們設置喔,市自老,0,1,['']
343,榮民的動產,全敏的動產,0.6,0.4,"['的動產', '']"
344,本卸一則以憂,申屆一直以,0.333333333333333,0.666666666666667,"['一', '以', '']"
345,那我們可以怎麼樣,那了們可以怎量,0.625,0.375,"['那', '們可以怎', '']"
346,讓他們有尊嚴,讓他們有爭營,0.666666666666667,0.333333333333333,"['讓他們有', '']"
347,的確需要嗎,中就需呢,0.2,0.8,"['需', '']"
348,那我要請教,們幾站,0,1,['']
349,這個副主委,自得副助為,0.2,0.8,"['副', '']"
350,一次性的,事施的,0.25,0.75,"['的', '']"
351,賣了九千多萬,買了就前的來,0.166666666666667,0.833333333333333,"['了', '']"
352,那麼更看到呢也就是說在我們的財產總額,的更看到難也政直說但蒙的財產總和,0.5,0.5,"['更看到', '也', '說', '的財產總', '']"
353,他一定要依法辦阿你這樣說搞不清楚那以前的,貪跌日把辦面你將是改不經總類已經的,0.2,0.8,"['辦', '你', '不', '的', '']"
354,而是在討論剛剛唯一提出說我們設置的目的,阿是討論幹本體出所文們四字的目的,0.421052631578947,0.578947368421053,"['是', '討論', '出', '們', '的目的', '']"
355,是你黃金把他處理了黃金在貴一點在賣,姓母王金拿出女黃金文目等在嗎,0.176470588235294,0.764705882352941,"['黃金', '在', '']"
356,本席現在沒有跟你講說你的拍賣的方式,現日根你講座你的拍賣的當次,0.470588235294118,0.529411764705882,"['現', '你講', '你的拍賣的', '']"
357,到目前為止是二十三點一五八三,項目前為自己二死三點木大山,0.428571428571429,0.571428571428571,"['目前為', '二', '三點', '']"
358,特別這一天也是八二三炮戰的紀念日,們最一點也大二前泡贊的境內日,0.3125,0.6875,"['一', '也', '二', '的', '日', '']"
359,我覺得台灣不能有族群的一個對立,我真的談灣部物總群內的對,0.2,0.733333333333333,"['我', '的', '對', '']"
360,尤其副主委你也是資深的國會委員,遵請副組的貼自自身的公夢,0.133333333333333,0.866666666666667,"['副', '的', '']"
361,是有十億的基金總額度呢,智門十意的進行整個動了,0.181818181818182,0.818181818181818,"['十', '的', '']"
362,所以因此我看見這個數字我說了一,稱請幹的自個數字母送了一,0.333333333333333,0.666666666666667,"['個數字', '了一', '']"
363,所以我們看到你們所提出的報告呢,順看看你們所提重的霸幹了,0.4,0.6,"['看', '你們所提', '的', '']"
364,裡面是甚麼都搞不清楚啦那,別內是什麼都頭不請處稿,0.333333333333333,0.666666666666667,"['是', '麼都', '不', '']"
365,因為剛開始來的路藍縷,剛開起來的動入人,0.4,0.6,"['剛開', '來的', '']"
366,那因為我們這個拍賣是很嚴格的,所英我們這個排們水原格,0.357142857142857,0.642857142857143,"['我們這個', '格', '']"
367,只能交給台銀拍賣,是文交給他銀拍賣,0.625,0.375,"['交給', '銀拍賣', '']"
368,學長副主委你絕對認同這一點,生產不總你絕對運毒罪,0.230769230769231,0.769230769230769,"['你絕對', '']"
369,他的他的這個,他的他對記得,0.5,0.5,"['他的他', '']"
370,因為當時遷逃到台灣來,擔時尖島在臺灣啊,0.2,0.8,"['時', '灣', '']"
371,不要亂答因為我們依法辦,暖們拿亞們你法,0.181818181818182,0.818181818181818,"['們', '法', '']"
372,一直到目前說每一位,是大目前松因為,0.222222222222222,0.777777777777778,"['目前', '']"
373,我因為跟,的隊燈,0,1,['']
374,在你八月二十三號,這裏八月十三後,0.5,0.5,"['八月', '十三', '']"
375,人員通通都要關起來囉,人每的針對問起來了,0.3,0.7,"['人', '起來', '']"
376,以前就都把把他放著,行就住宅打善者,0.111111111111111,0.888888888888889,"['就', '']"
377,跟委員報告是真的有問題,升文巴是正的有題,0.363636363636364,0.636363636363636,"['是', '的有', '題', '']"
378,我們都要非常的尊敬,準的對種的政治,0.111111111111111,0.888888888888889,"['的', '']"
379,所以在這邊答覆,順在中面打復,0.142857142857143,0.857142857142857,"['在', '']"
380,這個這個價值更高,這的價子更高,0.5,0.5,"['這', '價', '更高', '']"
381,就是要照顧,住像照顧,0.4,0.6,"['照顧', '']"
382,通通要打屁股囉,龍了,0,1,['']
383,細節就不談,細決,0.2,0.8,"['細', '']"
384,那所以我又看你的數字也就是說我們服務到現在,雖身會看到裏的數字也助送的們增等訊在,0.333333333333333,0.714285714285714,"['看', '的數字也', '們', '在', '']"
385,從這個兩萬四萬五萬到現在的,從這個兩賣資量五萬到現在的,0.769230769230769,0.230769230769231,"['從這個兩', '五萬到現在的', '']"
386,低收入戶也有五萬到六萬的標準是甚麼,多木共也無們到六半的該主是什麼,0.352941176470588,0.647058823529412,"['也', '到六', '的', '是', '麼', '']"
387,這個這一百零八年度所提出的,這的總百零八年度不所推出的,0.692307692307692,0.384615384615385,"['這', '百零八年度', '所', '出的', '']"
388,本席提出兩萬變三萬一般榮民,本題集出兩萬變相關一般人民,0.615384615384615,0.384615384615385,"['本', '出兩萬變', '一般', '民', '']"
389,所以我們調高他一萬塊就變成三萬塊,是長購他一萬跑就被小文款,0.25,0.75,"['他一萬', '就', '']"
390,喔那我剛才也特別提出,鳳罵幹任了都來對別提說,0.2,0.9,"['別提', '']"
391,提補以前的短處的這個部分,前本以前的短示的這個爆站,0.583333333333333,0.416666666666667,"['以前的短', '的這個', '']"
392,我不知道這個標準是甚麼請問,不再這標主次成,0.230769230769231,0.769230769230769,"['不', '這', '標', '']"
393,好幾年之前就設定了,只小請也自持就設定,0.333333333333333,0.777777777777778,"['就設定', '']"
394,是大概七千餘人次,是在對七千於人次,0.625,0.375,"['是', '七千', '人次', '']"
395,我是一則以喜一則以憂,純心子一襲浴子疑,0.1,1,"['一', '']"
396,第一個跟委員報告一下,這都文道笑,0,1,['']
397,似乎有各提升一萬,施工的各地曾一了,0.25,0.75,"['各', '一', '']"
398,來源再變賣我們的財產,傳人的被滿穩的菜展,0.1,0.9,"['的', '']"
399,黃金你現在賣了,環經理在賣了人,0.428571428571429,0.714285714285714,"['在賣了', '']"
400,所以本席要跟你討論的是,是本家頓騰的就是,0.090909090909091,0.818181818181818,"['是', '']"
401,喔那所以我們知道,那孫用知道,0.375,0.625,"['那', '知道', '']"
402,都是以人民件為主,十說明就為主,0.25,0.75,"['為主', '']"
403,兩萬塊是好幾十,兩論口是好幾,0.571428571428571,0.428571428571429,"['兩', '是好幾', '']"
404,去換現金去,請換線件去,0.4,0.6,"['換', '去', '']"
405,剛剛我也感謝,因為感示,0.166666666666667,0.833333333333333,"['感', '']"
406,但是你已經賣掉了,在是地已經外掉,0.5,0.5,"['是', '已經', '掉', '']"
407,一定要有來源,一動了來源,0.5,0.5,"['一', '來源', '']"
408,看到這個數字我說,才們自數字麼說,0.375,0.625,"['數字', '說', '']"
409,物價只是沒有跟上,是假子目更少,0.125,1,"['是', '']"
410,五四六八億,總是募把,0,1,['']
411,三萬五萬六萬,相萬外六亂,0.333333333333333,0.666666666666667,"['萬', '六', '']"
412,救助的標準,數字的標子,0.4,0.6,"['的標', '']"
413,也不一定是對,規肚子隊,0,1,['']
414,跟委員報告一下,身為帶效,0,1,['']
415,標準是甚麼,該註自麼,0.2,0.8,"['麼', '']"
416,跟這個要這麼拜託要這麼拜託要拜託那麼多年,跟這的這個麼敗多這麼敗得的被的那的多力,0.35,0.65,"['跟這', '個', '這麼', '那', '多', '']"
417,是不是我們可以依照物價指數的標準來提升,是不是我們可因在物在指次的不要準來提色,0.631578947368421,0.421052631578947,"['是不是我們可', '物', '指', '的', '準來提', '']"
418,也就是我們有我們的這個物價指數的標準,直就助的美有我們的自個物價指數的標準,0.722222222222222,0.277777777777778,"['就', '有我們的', '個物價指數的標準', '']"
419,我們現在探討我記得當時我們都在立院的時候,純在頓討我子的當事人的待動運的時候,0.35,0.65,"['在', '討我', '當', '的時候', '']"
420,但是我不希望說未來一二十年也都沒有調整,那送的不希望孫未來一樂孫女個月調整,0.421052631578947,0.578947368421053,"['不希望', '未來一', '調整', '']"
421,我覺得榮民這麼辛苦也不要再讓他們,這真人資個村款比不論度摘當他們,0.25,0.875,"['這', '不', '他們', '']"
422,所以我覺得我們應該要有一個制度,生的覺得我們應該任了的制度,0.533333333333333,0.466666666666667,"['覺得我們應該', '制度', '']"
423,我也吶喊了將近七八年,麼也吶還的張繼七八年,0.5,0.5,"['也吶', '七八年', '']"
424,我們都有這個最公平的,人們登有最的最公平的,0.6,0.4,"['們', '有', '最公平的', '']"
425,我們本會就是基金會,很會好就就基金會,0.555555555555556,0.555555555555556,"['會', '就', '基金會', '']"
426,物價指數不要讓榮民,目價指數不他慢人民,0.555555555555556,0.444444444444444,"['價指數不', '民', '']"
427,有討論的一個機制制度,討論每一個自於自制度,0.6,0.5,"['討論', '一個', '制度', '']"
428,所以本席要跟你探討,資本銀對被電倒,0.111111111111111,0.888888888888889,"['本', '']"
429,所以我們在一百零八年,身理我們在一百零八年人,0.8,0.3,"['我們在一百零八年', '']"
430,才提升兩萬為三萬,臺提三兩半鬼相關,0.25,0.75,"['提', '三', '']"
431,每一年政府會公告,明天年智能奔告,0.25,0.75,"['年', '告', '']"
432,這個機制制度做甚麼呢,這意的機制制度自什麼呢,0.7,0.4,"['這', '機制制度', '麼呢', '']"
433,我就希望比如說比照,我在是讓不路子偽照,0.222222222222222,0.777777777777778,"['我', '照', '']"
434,是我想重點在,直國獎重點在,0.5,0.5,"['重點在', '']"
435,我們就認為該,我們自住這為開語,0.5,0.833333333333333,"['我們', '為', '']"
436,如果財源允許,沒有參於起喔,0,1,['']
437,我們將社會救助法,什降斯會這重小,0.125,0.875,"['會', '']"
438,所以我給一個功課,是了等一個安客,0.25,0.75,"['一個', '']"
439,就像秘書長剛才說的,這陣能目想大說的,0.222222222222222,0.777777777777778,"['說的', '']"
440,有一般榮民的兩萬,般農美的兩問,0.375,0.625,"['般', '的兩', '']"
441,這個我吶喊到的,這對的那滿道的,0.285714285714286,0.714285714285714,"['這', '的', '']"
442,我們的社會救助法,的稅著助,0.25,0.75,"['的', '助', '']"
443,急難救助的,這幾面這助的,0.4,0.8,"['助的', '']"
444,那這個都假不了,那資己的講不點,0.285714285714286,0.714285714285714,"['那', '不', '']"
445,副主委在這邊,四個在的邊貌,0.333333333333333,0.833333333333333,"['在', '邊', '']"
446,重大傷害的,重大相來的,0.6,0.4,"['重大', '的', '']"
447,副主委你的看法,負作你的看,0.428571428571429,0.571428571428571,"['你的看', '']"
448,那我們看看這個榮民榮眷基金會的部分呢,真我們開看自給榮融券基金快的部分了,0.5,0.5,"['我們', '看', '榮', '基金', '的部分', '']"
449,其實今天我的問題主要是針對榮民榮眷基金會的部分,天子今天我的問題主要是整對容濃電基金會的部分,0.695652173913043,0.304347826086957,"['今天我的問題主要是', '對', '基金會的部分', '']"
450,第二條組織上面的捐助章程裡面的二條,條跑組織上面的捐住增層面這條,0.529411764705882,0.529411764705882,"['條', '組織上面的捐', '面', '條', '']"
451,那副主委認同這個知人善用,那不罪認同這個自在用,0.5,0.5,"['那', '認同這個', '用', '']"
452,其他有關榮民榮眷的福利,西他有關龍民融劵的福利,0.636363636363636,0.363636363636364,"['他有關', '民', '的福利', '']"
453,可是我們在看到這個人選之前我們要先講到,從在看到這個人選之前農六先講到,0.631578947368421,0.368421052631579,"['在看到這個人選之前', '先講到', '']"
454,基金會應該要有效管理基金,基金會因才要有效管理基金,0.833333333333333,0.166666666666667,"['基金會', '要有效管理基金', '']"
455,嘉惠農民榮眷辦理下面的事項,家會農民龍劵萬領項面的四項,0.384615384615385,0.615384615384615,"['農民', '面的', '項', '']"
456,我們知道副主委同樣也是這個基金會的董事長,我們資道不罪同樣也四這的基金會的董事長,0.7,0.3,"['我們', '道', '同樣也', '這', '基金會的董事長', '']"
457,這個副主委認定的剛才提到的這個標準,這個副責的認定的張才提到的怎標準,0.705882352941176,0.294117647058824,"['這個副', '認定的', '才提到的', '標準', '']"
458,對既然我們願意這麼做我們就給他制定制度好嗎,是資然我們邊你怎麼做我們治療自定子的和,0.380952380952381,0.619047619047619,"['然我們', '麼做我們', '定', '']"
459,而不是任由隨便我喜歡兩萬就到三萬,三不蘇任的是並不奇問兩快的大餐們,0.0625,0.8125,"['三', '']"
460,副主委這個董事長基金會的,著做這個二董早資之和會的,0.416666666666667,0.666666666666667,"['這個', '董', '會的', '']"
461,應該我們要未雨綢繆設立制度,該本們的位與存某刺地制度,0.307692307692308,0.692307692307692,"['該', '們', '制度', '']"
462,大家你們做事也好做大家一個公平性,大家明的這些然好這大在的公平性,0.4375,0.5625,"['大家', '好', '大', '公平性', '']"
463,還是兩萬到兩萬五還是十幾年都不動,孩子兩位大兩萬舞孩子四幾年的不到,0.3125,0.625,"['兩萬', '幾年', '不', '']"
464,我要請教主副主委就是說,所要請教足不作就是說,0.545454545454545,0.454545454545455,"['要請教', '就是說', '']"
465,就舉照我們的社會救助法,的制照我們的受就住房嗎,0.363636363636364,0.636363636363636,"['照我們的', '']"
466,第四項裡面他說到呢,一四項裡面他縮到了,0.666666666666667,0.333333333333333,"['四項裡面他', '到', '']"
467,就是如果說他的免疫系統低,自最那本做他的允系等備,0.25,0.75,"['他的', '系', '']"
468,他白紙黑字說的什麼他說,白子黑自說的怎麼拿說,0.545454545454545,0.454545454545455,"['白', '黑', '說的', '麼', '說', '']"
469,我覺得這樣對榮民也是一個尊重,是建子對能女子有尊重,0.214285714285714,0.785714285714286,"['是', '尊重', '']"
470,基金會的他主要的宗旨,基金費的他主要的終子,0.7,0.3,"['基金', '的他主要的', '']"
471,因為我們十四家榮家,是們我的四四家樓萌將,0.333333333333333,0.777777777777778,"['們', '四家', '']"
472,我們來看看他的架構,們看看到的架構,0.666666666666667,0.333333333333333,"['們', '看看', '的架構', '']"
473,榮家大家在一塊因為,存在大在在快會,0.111111111111111,0.777777777777778,"['在', '']"
474,是不是有符合,四自由符合,0.333333333333333,0.666666666666667,"['符合', '']"
475,所以當然是如此阿,順身產歲,0,1,['']
476,接下來我再請問,世間有在請問,0.285714285714286,0.714285714285714,"['請問', '']"
477,你去研議然後,之人難了,0,1,['']
478,副主委認同,不責認同,0.4,0.6,"['認同', '']"
479,提供給本席,聽他的本性,0.2,0.8,"['本', '']"
480,先不提就是說你賣掉過資產之後現在資產有二十幾先不提這個東西我們講單純的基金本身的,先不體就說你賣掉過資產促現在自菜有兒幾先不體對的動西王獎傳的基金先的,0.525,0.475,"['先不', '就', '說你賣掉過資產', '現在', '有', '幾先不', '西', '的基金', '的', '']"
481,都擺在銀行裡面也知道這些的票卷他的投資的組合呢都不好,擺在銀行裏面有次到最些的票卷他的投資組合那平不好,0.653846153846154,0.346153846153846,"['擺在銀行', '面', '些的票卷他的投資', '組合', '不好', '']"
482,您的這一個投資的部分呢其實你上面自己講了就說你的這一些的東西呢都,聽可這個投資的部分的其斯你上面自己講了就說你的這些的東西的度,0.75,0.25,"['這', '個投資的部分', '其', '你上面自己講了就說你的這', '些的東西', '']"
483,他的他的他的基金本體的部分呢你原來捐助章程上面就是已經有,他的他的套基金本體的部分的離原來軍度傷則操明就是已經有,0.642857142857143,0.357142857142857,"['他的他的', '基金本體的部分', '原來', '就是已經有', '']"
484,然後再在你其他的報告裡面你也提到你主要的收入來源其實都是,然後在裏提他的報告裡面積提到一主要的收入來源其司都四,0.714285714285714,0.285714285714286,"['然後', '在', '他的報告裡面', '提到', '主要的收入來源其', '都', '']"
485,這個董事長你再提到報告的時候呢提到這個清寒的獎學金,這個總統對提到報告的時候的提到這個青含的講學金,0.64,0.36,"['這個', '提到報告的時候', '提到這個', '的', '學金', '']"
486,變一萬就是因為我們有一些努力拉,變及了這是我我們劉心努力了喔,0.4,0.666666666666667,"['變', '是', '我們', '努力', '']"
487,你現在的收入來源我們先不談一次性,你先在的收入來源工信不太一次性,0.6875,0.3125,"['你', '在的收入來源', '不', '一次性', '']"
488,董事長您認為基金會有有效管理基金了嗎,總兩寧任為基金會有有效管理基金了嗎,0.722222222222222,0.277777777777778,"['為基金會有有效管理基金了嗎', '']"
489,不談一次性的我們談穩健的收入來源的部分,台一次性的和談穩件的搜入來源的部分,0.68421052631579,0.31578947368421,"['一次性的', '談穩', '的', '入來源的部分', '']"
490,以這麼些微的以你的投資報酬,也脆落些為的一利的投資道中,0.384615384615385,0.615384615384615,"['些', '的', '的投資', '']"
491,支息嗎你的支息擺的都是在銀行的存款,自使望尼的自己擺的都是在銀行的存款,0.647058823529412,0.352941176470588,"['的', '擺的都是在銀行的存款', '']"
492,就是您的報告上面說的那我就請教了,這次林的報告上面說的破就請教紋,0.625,0.375,"['的報告上面說的', '就請教', '']"
493,基本上面來講其實本席認為那些的,新本方面來講示子本其令我兩那些的,0.533333333333333,0.533333333333333,"['本', '面來講', '本', '那些的', '']"
494,因為時間關係我先把我的問題講完再拜託,業五時間關系我先跑的問題講完成來多,0.555555555555556,0.444444444444444,"['時間關', '我先', '的問題講完', '']"
495,我們看一下您的報告裡面提到的呢,我們太向林的報告裡面提到的呢,0.733333333333333,0.266666666666667,"['我們', '的報告裡面提到的呢', '']"
496,基金會應該要有效管理基金,至今會應該要有效管理基金,0.833333333333333,0.166666666666667,"['會應該要有效管理基金', '']"
497,就是要繼續努力跟,就是字的繼使門的的燈,0.375,0.875,"['就是', '繼', '']"
498,有效管理基金嗎這是我第一個問題,有效管理基金額自作第個問題,0.666666666666667,0.333333333333333,"['有效管理基金', '第', '個問題', '']"
499,我們回歸到前面我要先請教的就是說,回貴到前面王心請教的就說,0.5625,0.4375,"['回', '到前面', '請教的就', '說', '']"
500,福利我們只有講第一個我們一個一個來,福利我的車獎第一狗一越的來,0.411764705882353,0.588235294117647,"['福利我', '第一', '一', '來', '']"
501,第一個有效管理基金,第個有效管理基金,0.888888888888889,0.111111111111111,"['第', '個有效管理基金', '']"
502,我們來在持續不過跟委員報告,同來的吃爐不更為報告,0.307692307692308,0.692307692307692,"['來', '不', '報告', '']"
503,以及服務我剛剛聽到,以及除我剛聽頭,0.555555555555556,0.444444444444444,"['以及', '我剛', '聽', '']"
504,這樣子能夠符合,漢子能開復合,0.428571428571429,0.571428571428571,"['子能', '合', '']"
505,低於銀行一年期的定存,一銀行一年級的地存,0.6,0.4,"['銀行一年', '的', '存', '']"
506,打個岔為我們還沒講到,打的唱因為我們還沒有講到,0.8,0.4,"['打', '為我們還沒', '講到', '']"
507,在我剛接任的時候,在我剛機論書,0.375,0.625,"['在我剛', '']"
508,那個懂長以書面回覆,個董場以蘇紐回後,0.333333333333333,0.666666666666667,"['個', '以', '回', '']"
509,那你把這些錢呢,把這些錢呢,0.714285714285714,0.285714285714286,"['把這些錢呢', '']"
510,本席認為太少,本行認為太放,0.666666666666667,0.333333333333333,"['本', '認為太', '']"
511,有還是沒有,有孩子沒樣,0.4,0.6,"['有', '沒', '']"
512,組合裡面當然我知道董事長你會有委屈因為有一些部分是官派的,是合裏面單我子的董腦因會有委區又有些部分絲觀塊的,0.428571428571429,0.571428571428571,"['合', '面', '我', '董', '會有委', '有', '些部分', '的', '']"
513,那不難道就說你的董事成員的組織的成份裡面,不難道就說你的董是成員的組織的成分裡面,0.85,0.15,"['不難道就說你的董', '成員的組織的成', '裡面', '']"
514,因為董事長您的這個董事人選我沒有意見但是我覺得,越董港民的在的董事人選腦喵意見對送我覺得,0.478260869565217,0.521739130434783,"['董', '的', '董事人選', '意見', '我覺得', '']"
515,他的上面的提到就是說關於榮民榮眷的福利,的方面的提到就是關於融民龍劵的福力養,0.631578947368421,0.421052631578947,"['的', '面的提到就是', '關於', '民', '的福', '']"
516,懂的投資組合怎麼樣子能夠創造,的投入資組合資麼樣子能的創造,0.785714285714286,0.285714285714286,"['的投', '資組合', '麼樣子能', '創造', '']"
517,他凋零的時候在他還沒有真正的凋零之前,調零的時候的在他還沒參測凋寧之前,0.611111111111111,0.444444444444444,"['零的時候', '在他還沒', '凋', '之前', '']"
518,第二個我們講說你有效管理資金,等我們角說你有效管理資金,0.714285714285714,0.285714285714286,"['我們', '說你有效管理資金', '']"
519,這些榮民榮眷的他都凋零了,這些融民容鎮的他不丁,0.416666666666667,0.583333333333333,"['這些', '民', '的他', '']"
520,他前面年輕的時候付出了一生,鐵面年輕的增付出了一分,0.615384615384615,0.384615384615385,"['面年輕的', '付出了一', '']"
521,榮民他對於國家的建,輪民他對於國家的見,0.777777777777778,0.222222222222222,"['民他對於國家的', '']"
522,要有懂的投資組合的,由懂的投資組合的,0.777777777777778,0.222222222222222,"['懂的投資組合的', '']"
523,最起碼有一些成員裡面,最其馬有一些成員裡面,0.8,0.2,"['最', '有一些成員裡面', '']"
524,這是我第二個問題啊,之醋我配個問題要,0.444444444444444,0.555555555555556,"['我', '個問題', '']"
525,可能未必能夠盡如你意,可能怪閉能個進如你義,0.5,0.5,"['可能', '能', '如你', '']"
526,獲利的這些的人能夠參與,地的最些的人能夠參與,0.727272727272727,0.272727272727273,"['的', '些的人能夠參與', '']"
527,副主委也是執政黨的一份子,負作也次次在腦的一分子,0.333333333333333,0.666666666666667,"['也', '的一', '子', '']"
528,第三個問題我要請教說,三問題的我請教說,0.7,0.4,"['三', '問題', '我', '請教說', '']"
529,跟服務我覺得,服務網我覺得,0.833333333333333,0.333333333333333,"['服務', '我覺得', '']"
530,你能不能夠也拜託,你能不能夠也拜通,0.875,0.125,"['你能不能夠也拜', '']"
531,好像看不出來他們,好像看不出來他們,1,0,"['好像看不出來他們', '']"
532,但是我在看你的董事的,所在可的董事的,0.5,0.5,"['在', '的董事的', '']"
533,但是董事長現在您,三四東的現在您,0.375,0.625,"['現在您', '']"
534,這樣的一個人才嗎,這的一個人才嗎,0.875,0.125,"['這', '的一個人才嗎', '']"
535,各個行政的單位,在個行政的單位,0.857142857142857,0.142857142857143,"['個行政的單位', '']"
536,懂得這個投資,同的這個投資,0.666666666666667,0.333333333333333,"['這個投資', '']"
537,所以在各個機構組,最在各的機個組,0.5,0.5,"['在各', '機', '組', '']"
538,所以能夠讓,車以人更讓,0.4,0.6,"['以', '讓', '']"
539,董事長你剛剛講的很好,羅爾一當講的很好,0.4,0.6,"['講的很好', '']"
540,能夠讓這些,能給讓此些,0.6,0.4,"['能', '讓', '些', '']"
541,指派的時候呢,自拍的時候呢,0.666666666666667,0.333333333333333,"['的時候呢', '']"
542,我們是不是應該,我不十字應該,0.571428571428571,0.571428571428571,"['我', '不', '應該', '']"
543,國家的貢獻,國家的沛線,0.6,0.4,"['國家的', '']"
544,他對於台灣的貢獻我們是不是最基本的給他的尊重,對於臺灣的貢獻我們十次最基本的給他的真正,0.681818181818182,0.318181818181818,"['對於', '灣的貢獻我們', '最基本的給他的', '']"
545,我再拜託那個副主委在用書面的回答就好我把題目講出來就好了,我在拜脫那的副負責的用書面的回達掉把屏幕講出來就好,0.464285714285714,0.464285714285714,"['我', '在', '用書面的回', '把', '講出來就好', '']"
546,是剛剛委員提到幾個問題第一個你提到就是我們的,是當位文題的幾個問題地的米提到就是文的,0.454545454545455,0.545454545454545,"['是', '幾個問題', '提到就是', '的', '']"
547,這一些我們最起碼肯定他我們對他們的照顧,這一些我們最其嗎肯定她我們對他的菜步,0.68421052631579,0.31578947368421,"['這一些我們最', '肯定', '我們對他', '的', '']"
548,我們給了這些對台灣有貢獻的榮民,他們給了這些對調有貢獻的農民,0.733333333333333,0.266666666666667,"['們給了這些對', '有貢獻的', '民', '']"
549,政府機關就跟榮民榮眷有關係的,證據外就跟贏得局關係的,0.357142857142857,0.642857142857143,"['就跟', '關係的', '']"
550,而不是全部都是政治的派令我相信,而不死全部都是政治的派留消信,0.733333333333333,0.266666666666667,"['而不', '全部都是政治的派', '信', '']"
551,所以所以陸委會跟海基會都有人,神收度了的馬覺動人,0.071428571428572,0.928571428571429,"['人', '']"
552,懂得投資的人能夠納入,的投資的人能夠納入,0.8,0.2,"['投資的人能夠納入', '']"
553,是執政黨所派的,是停震黨所派的,0.714285714285714,0.285714285714286,"['是', '黨所派的', '']"
554,每個月給多少錢而已我剛剛聽到,每個月給多好甜為無當聽的,0.428571428571429,0.571428571428571,"['每個月給多', '聽', '']"
555,各個行政機關當他們指派,各的行的機關當他們紙派,0.727272727272727,0.272727272727273,"['各', '行', '機關當他們', '派', '']"
556,為國家打拼,國家打拼,0.8,0.2,"['國家打拼', '']"
557,有效管理就是利息是這樣,就下管理就歷史對建喔,0.272727272727273,0.727272727272727,"['管理就', '']"
558,但問題是說有時候很多東西,問題次說有孫五很多東西,0.666666666666667,0.333333333333333,"['問題', '說有', '很多東西', '']"
559,副主委您在執政黨,最中偉沒才子震黨,0.125,0.875,"['黨', '']"
560,是不是也可以讓一些,四自也可以用一些,0.555555555555556,0.444444444444444,"['也可以', '一些', '']"
561,好像不應該只是給,好像不應該此次給,0.75,0.25,"['好像不應該', '給', '']"
562,並不是錢能夠滿足的,是不是前能夠滿足的,0.777777777777778,0.222222222222222,"['不是', '能夠滿足的', '']"
563,剛剛副主委你剛剛前面提到,當不頓鋼體前面題道,0.166666666666667,0.833333333333333,"['前面', '']"
564,因為如果萬一虧損了那,因為軍的那理會手能了,0.3,0.8,"['因為', '那', '']"
565,您增加了給的福利,民間加了給的福利,0.75,0.25,"['加了給的福利', '']"
566,根據兩岸關係條例,好的好根結滾小力,0.125,1,"['根', '']"
567,例如榮民榮眷是根據,有雄的就是登記,0.111111111111111,0.888888888888889,"['是', '']"
568,我們不敢隨便投資,怎麼不感射的口之號,0.125,1,"['不', '']"
569,我要請教副主委,我要請證不足為,0.428571428571429,0.571428571428571,"['我要請', '']"
570,然後我們沒有專業人員,然我們沒有專業人點,0.8,0.2,"['然', '我們沒有專業人', '']"
571,給了什麼樣的一個照顧,每了怎麼樣的個照顧,0.7,0.3,"['了', '麼樣的', '個照顧', '']"
572,抱歉因為時間到我,號卻因為時間到我,0.75,0.25,"['因為時間到我', '']"
573,給了什麼樣的尊重,每個怎麼樣的尊重,0.625,0.375,"['麼樣的尊重', '']"
574,這個小基金會,日這個小機去會,0.666666666666667,0.5,"['這個小', '會', '']"
575,董事的時候呢,不市的時候了,0.5,0.5,"['的時候', '']"
576,這一些的東西你應該去做規劃為什麼會需要那麼多的秘書我在拜託副主委,屬現些的東西林去做規劃為所謂需要諾多的秘書國在拜託坐台,0.5625,0.4375,"['些的東西', '去做規劃為', '需要', '多的秘書', '在拜託', '']"
577,看到你約聘人員剛才說是有這個位嗎,個約聘的人員鋼臺縮自有這個三貴嗎,0.5,0.625,"['約聘', '人員', '有這個', '嗎', '']"
578,他的他對於基金會造成的一個成本,的他的大對於基金會造成的一個成本,0.933333333333333,0.133333333333333,"['的他', '對於基金會造成的一個成本', '']"
579,最優先的話都會到我們的榮總的分院,這優先的話都會動我們的能總的分月,0.75,0.25,"['優先的話都會', '我們的', '總的分', '']"
580,你的終止還有你應該提供的服務,你的中此還有你應該提供的服務,0.857142857142857,0.142857142857143,"['你的', '還有你應該提供的服務', '']"
581,跟人力的配置跟設備,更的力的配置跟設備,0.777777777777778,0.222222222222222,"['力的配置跟設備', '']"
582,這個每個榮家的特性他榮家,是品你這種站特系考設高龍家,0.25,1,"['這', '特', '家', '']"
583,榮家目前的服務狀況,上加目前的支烈服務這麼,0.555555555555556,0.666666666666667,"['目前的', '服務', '']"
584,基本上老人人口比較多,基本向金額老人不表多和諧,0.5,0.8,"['基本', '老人', '多', '']"
585,我不知道為什麼會需要這麼多秘書啊,我不再從未需要做多秘書網,0.4375,0.5625,"['我不', '需要', '多秘書', '']"
586,我看到你的約定的人員呢,就看看你的約病的人員了,0.636363636363636,0.363636363636364,"['看', '你的約', '的人員', '']"
587,榮家就是需要他有一個好的環境,我在句子需要台與個好的環境,0.5,0.5,"['需要', '個好的環境', '']"
588,可以在那邊這個生活,在對逼記隊了生活,0.333333333333333,0.777777777777778,"['在', '生活', '']"
589,就醫我們有一個三級整合,就一我們有一個賽級整合他,0.818181818181818,0.272727272727273,"['就', '我們有一個', '級整合', '']"
590,因為我看你派的全部都是秘書啊,火看起派的全部都是秘書網,0.642857142857143,0.357142857142857,"['看', '派的全部都是秘書', '']"
591,那但是這些約聘的人員,可是這些約真的人員,0.7,0.3,"['是這些約', '的人員', '']"
592,所以他都依照編制來,這說他對一個編制來,0.444444444444444,0.555555555555556,"['他', '編制來', '']"
593,那榮家是公務機關他的,那棱教是公務機本他的,0.7,0.3,"['那', '是公務機', '他的', '']"
594,來來那個派派,來來的派派,0.666666666666667,0.333333333333333,"['來來', '派派', '']"
595,所以眷村的這一些長輩,最陣稱的資些整備,0.2,0.8,"['的', '些', '']"
596,你不是應該難道是,你不是應門投四,0.5,0.5,"['你不是應', '']"
597,他都要依照編制來,達到一個編自來,0.25,0.75,"['編', '來', '']"
598,還有就說為什麼這些,還有就從會所這些,0.555555555555556,0.444444444444444,"['還有就', '這些', '']"
599,榮總分院在哪裡,因工微本來,0,1,['']
600,您目前覺得滿意嗎,目集定滿一覽,0.25,0.75,"['目', '滿', '']"
601,他們就醫都去哪裡,就都劇哪,0.375,0.625,"['就', '都', '哪', '']"
602,我是養護處處長,是這有物作處長,0.428571428571429,0.714285714285714,"['是', '處長', '']"
603,配置是有編制的,被資識編制,0.285714285714286,0.714285714285714,"['編制', '']"
604,過去比較多眷村,取得度軍存,0,1,['']
605,你有去過嗎,舉一系圈的嗎,0.2,1,"['嗎', '']"
606,有時候到榮家去,不說到容要去,0.285714285714286,0.714285714285714,"['到', '去', '']"
607,他要跑到台南,還澎兒了,0,1,['']
608,報告委員我們進駐我們開放給一般民眾他是有一個限制是占床率,到為我們進住人的開放的一百民眾他是有一個限制是戰成率,0.607142857142857,0.392857142857143,"['我們進', '開放', '一', '民眾他是有一個限制是', '率', '']"
609,目前我們所有十六所榮家總共有四百八十三位的,目前們所永時令所龍家總沒有四百八十相為了,0.571428571428571,0.428571428571429,"['目前', '們所', '所', '家總', '有四百八十', '']"
610,岡岡山的話到高雄榮總跟到台南分院距離是差不多的,當三找到高雄所們大卡來最運的距離差不斷,0.304347826086957,0.695652173913043,"['到高雄', '距離', '差不', '']"
611,所以非這個榮眷的部分,最非一制個愛龍俊的部分,0.5,0.7,"['非', '個', '的部分', '']"
612,阿當然去高雄榮總阿怎麼會跑到分院去,上中盟整彎如一這個根音據,0,1,['']
613,岡山榮家我會在去查一下我的資料,登森努調會再具查下我的資料,0.466666666666667,0.533333333333333,"['會', '查', '下我的資料', '']"
614,第一個他有眷村的這一些長輩另外,逼的臺俊成的基場被冰了,0.066666666666667,0.933333333333333,"['的', '']"
615,榮護院他說唉說現在我們這裡啊,總不大中還中市的無這牙,0.071428571428572,0.928571428571429,"['這', '']"
616,這個岡山到這個左營還近,是個剛生到這度總略進,0.272727272727273,0.727272727272727,"['個', '到這', '']"
617,低於百分之九十以下我們是開放百分之,一本九事項不是開到本質,0.176470588235294,0.823529411764706,"['九', '是開', '']"
618,他這個非都會區的老人人口比較多,還這個被度區的任的表度,0.266666666666667,0.733333333333333,"['這個', '區的', '']"
619,去那裡去台北榮總,起哪裏去他對動洞,0.125,0.875,"['去', '']"
620,榮家跟八個榮家每天有車,兩價跟大的總價沒料者,0.090909090909091,0.909090909090909,"['跟', '']"
621,資源當然是高雄的比較好啊,私人當們是更中的比較好啊,0.583333333333333,0.416666666666667,"['當', '是', '的比較好啊', '']"
622,養護的床位會比較,固的從胃會比較,0.5,0.5,"['的', '會比較', '']"
623,那安養的床位會比較多,的二有的常委會比較多,0.5,0.5,"['的', '會比較多', '']"
624,從岡山到永康怎麼會比,請剛這的勇剛怎麼會壁,0.3,0.7,"['怎麼會', '']"
625,他的長輩能不能進駐,他整備門們進駐,0.333333333333333,0.666666666666667,"['他', '進駐', '']"
626,所以他們可以自由選擇,團北具有選擇,0.2,0.8,"['選擇', '']"
627,沒有這個不會強制啦,你這多強制了,0.333333333333333,0.666666666666667,"['這', '強制', '']"
628,他的需求相對比較高,他需求項的調到,0.333333333333333,0.666666666666667,"['他', '需求', '']"
629,我們的桃園,我們的逃演,0.6,0.4,"['我們的', '']"
630,岡山榮家他開放,高在度加大開放,0.285714285714286,0.714285714285714,"['開放', '']"
631,比較缺比較少,比較缺比較少,1,0,"['比較缺比較少', '']"
632,這這跟委員報告這一定,這這更為保這裡,0.3,0.7,"['這這', '這', '']"
633,那目前比例是多少,那目前比例十多少,0.875,0.125,"['那目前比例', '多少', '']"
634,我們那裏就有個桃園,什們就別個同,0.333333333333333,0.666666666666667,"['們', '就', '個', '']"
635,就一般的市民,有一百市名,0.333333333333333,0.666666666666667,"['一', '市', '']"
636,百分之五到十,來組到時,0.166666666666667,0.833333333333333,"['到', '']"
637,台南分院在哪裡你知道嗎,現在被的你了,0.181818181818182,0.818181818181818,"['在', '你', '']"
638,我們兩邊都有,兩的,0.166666666666667,0.833333333333333,"['兩', '']"
639,能不能進駐,明女進組,0.2,0.8,"['進', '']"
640,是我跟委員報告我們剛來只執政的時候也就是將近四年前喔,是虧委報文剛了之贈設為就是講弟視頻錢到,0.230769230769231,0.769230769230769,"['是', '委', '報', '剛', '就是', '']"
641,我不要讓我發現說有空床在那邊閒置在那邊,我標路拍作以空藏的的力行資人邊,0.157894736842105,0.842105263157895,"['我', '空', '邊', '']"
642,他年紀比較大而且他經濟弱勢的話他需要,他裏別達而且他各進力入史的萬和需要,0.388888888888889,0.666666666666667,"['他', '而且他', '的', '需要', '']"
643,他是岡山榮家他行政區是在燕巢,湯子讓在農家的子他行政局思位的印潮,0.285714285714286,0.928571428571429,"['家', '他行政', '']"
644,在民眾在我們榮家總共幾個十個啦,在民正在農價整麼幾的時個,0.333333333333333,0.666666666666667,"['在民', '在', '幾', '個', '']"
645,那那個邱邱委員這樣子,好那什麼什個就是會人的那個這就家早,0.4,1.4,"['那', '那個', '這', '']"
646,燕巢當然不是我的選區但是他岡山榮家,你的幹不正學局的剛在農量,0.058823529411765,0.941176470588235,"['的', '']"
647,很多服務的這些這個眷村的這些長輩,很能服務的這些這個競成績這些掌隊,0.625,0.375,"['很', '服務的這些這個', '這些', '']"
648,所以你有活動或者你有什麼相關的計畫,真治國動灰子女有中相會計畫,0.294117647058824,0.705882352941176,"['動', '有', '相', '計畫', '']"
649,有多餘的床位剩餘的床位我希望能夠,就動的常胃最用成舞休門夠,0.125,0.875,"['的', '夠', '']"
650,餘裕我們提供給民眾,這得有一我提供給民眾了,0.666666666666667,0.666666666666667,"['我', '提供給民眾', '']"
651,有開放那我們在繼續我們第一第一,只我卡到不在記術的地,0.133333333333333,0.933333333333333,"['我', '在', '']"
652,一般市民市民長輩,但市民市名長北好,0.5,0.625,"['市民市', '長', '']"
653,也希望通知一下當地的立委吧,一希望投資下當地例委吧,0.538461538461538,0.461538461538462,"['希望', '下當地', '委吧', '']"
654,當地的縣市,當地的甚至,0.6,0.4,"['當地的', '']"
655,非榮眷的這些這些長輩,被龍俊的基金自己整備,0.1,0.9,"['的', '']"
656,去這個岡山榮家,來去這給感農價,0.285714285714286,0.857142857142857,"['去這', '']"
657,你剛剛講的第一個問題是這樣,剛講的地五只是間,0.307692307692308,0.692307692307692,"['剛講的', '是', '']"
658,不要發現你空床在那邊,國把與工籌認的邊,0.1,0.9,"['邊', '']"
659,市民的長輩沒辦法進去,二四名的整備被報進去,0.3,0.8,"['的', '進去', '']"
660,也麻煩你們通知一下,一媽板通知一下,0.444444444444444,0.555555555555556,"['通知一下', '']"
661,當地的立委可以嗎,將比利委可以了,0.375,0.625,"['委可以', '']"
662,既然叫榮家榮民優先啦,卻就總家中遊限了,0.1,0.9,"['家', '']"
663,第二我們以前要求,我前要求,0.5,0.5,"['我', '前要求', '']"
664,現在是四百零八個,是的是四百報,0.375,0.625,"['是四百', '']"
665,都是在岡山的眷村嗎,但是在剛賽變程嗎,0.333333333333333,0.666666666666667,"['是在', '嗎', '']"
666,榮務處跟榮家,財入出更中家,0.166666666666667,0.833333333333333,"['家', '']"
667,然後一般的這個,老西班的自給,0.142857142857143,0.857142857142857,"['的', '']"
668,你們有一些活動,謝密有性活動,0.428571428571429,0.571428571428571,"['有', '活動', '']"
669,可以提供給一般,可以提供了一般,0.857142857142857,0.142857142857143,"['可以提供', '一般', '']"
670,更多的比例,更多比例,0.8,0.2,"['更多', '比例', '']"
671,這我們會要求,正個會要求,0.5,0.5,"['會要求', '']"
672,目前二十三家裏面除了歐希因為龍崎的案子,呃目前二三家裏面足需為的龍取的才,0.473684210526316,0.578947368421053,"['目前二', '三家裏面', '為', '的', '']"
673,我們所有持股有持股的三十家那,而我門而所有持股了持股的三十家了,0.785714285714286,0.357142857142857,"['我', '所有持股', '持股的三十家', '']"
674,我留一點時間問一下事業處處長這個,也直因為下這個四處處的好記對,0.1875,0.9375,"['下', '這個', '']"
675,瓦斯公司他如果在價格上面獨斷,勞子公公司趴魯的價格上面毒的,0.428571428571429,0.642857142857143,"['公司', '價格上面', '']"
676,還有泛亞他這兩年有受到一些工程的影響,還有泛雅他這兩也有受來些工程的影響,0.777777777777778,0.222222222222222,"['還有泛', '他這兩', '有受', '些工程的影響', '']"
677,很多你的選區去這一點我們請他們在,動女的險機是最酒其他不再接性,0.125,0.9375,"['的', '他', '']"
678,主要投資持股也就是百分之二十以上的二十三家,主要奪的持個百分的許勝的日三獎,0.333333333333333,0.666666666666667,"['主要', '持', '百分', '的', '三', '']"
679,過去一年有賺錢的有幾家,過區一年又這及利有即價,0.363636363636364,0.636363636363636,"['過', '一年', '有', '']"
680,好我們靠我們討論百分之二十以上的啦,我們考紅同白救洗上門號,0.176470588235294,0.823529411764706,"['我們', '上', '']"
681,這個百分之二十以上有二十三家,這個本租入隨賽由三家,0.285714285714286,0.714285714285714,"['這個', '三家', '']"
682,拘泥在一個說這個一定要在行政區,居離在制則二這個列行政局,0.333333333333333,0.666666666666667,"['在', '這個', '行政', '']"
683,退伍會轉頭是目前事業單位多少,退味轉投資目前事業的多,0.5,0.5,"['退', '轉', '目前事業', '多', '']"
684,那你剛剛提到你不再那一區但是,萬良提到他要內期但是,0.285714285714286,0.714285714285714,"['提到', '但是', '']"
685,我們只邀請當區,文只要請當席,0.428571428571429,0.571428571428571,"['只', '請當', '']"
686,但因為有一點是這樣委員剛剛提到,但略有點到事件你戰題的,0.266666666666667,0.8,"['但', '有', '點', '到', '']"
687,阿這個退伍會,二資格稱不會,0.166666666666667,0.833333333333333,"['會', '']"
688,有沒有什麼特別的要求,也為總特比必要求好,0.3,0.8,"['特', '要求', '']"
689,不管是企業用戶或是一般用戶,十氣用戶這個用戶,0.307692307692308,0.692307692307692,"['用戶', '用戶', '']"
690,造成說很多,到超曾孫很多,0.4,0.8,"['很多', '']"
691,我因為為怕爭議,等們月貴的他爭意有,0.142857142857143,1.14285714285714,"['爭', '']"
692,比方說我具體說啦,沒做我具體說啦,0.625,0.375,"['我具體說啦', '']"
693,要邀請當然如果是內部的,調表去大多子內部的,0.272727272727273,0.727272727272727,"['內部的', '']"
694,其他的都是有盈餘的,提高的都秀應語的,0.333333333333333,0.666666666666667,"['的都', '的', '']"
695,好你們這個盈餘,留的疑餘,0.142857142857143,0.857142857142857,"['餘', '']"
696,岡山就是我的選區,剛在就是我的選區,0.75,0.25,"['就是我的選區', '']"
697,政府跟立委,政府跟地位,0.6,0.4,"['政府跟', '']"
698,二十一家都有盈餘,二十一家都盈語,0.75,0.25,"['二十一家都', '盈', '']"
699,所以他如果,只能如果,0.4,0.6,"['如果', '']"
700,就不邀請了,不要去勞,0.2,0.8,"['不', '']"
701,都沒有營運之外,的沒營用之外,0.571428571428571,0.428571428571429,"['沒', '營', '之外', '']"
702,所以你不要說,順女公族,0,1,['']
703,有瓦斯公司,如果自公司,0.4,0.6,"['公司', '']"
704,特別針對工業鍋爐的轉換這個大概這一兩年也有部分委員都提到,這別針對公業公爐的轉化這待這一兩爺也部分穩都提到,0.607142857142857,0.392857142857143,"['別針對', '業', '爐的轉', '這', '這一兩', '也', '部分', '都提到', '']"
705,那這個部分基本上在轉換的這個都有做優惠的價格,這個部分劇的將在轉換的這個都有做優惠的價格,0.818181818181818,0.181818181818182,"['這個部分', '在轉換的這個都有做優惠的價格', '']"
706,或者一般用戶就覺得阿這個可能這個天然氣這麼貴,會了一個月務有預這的好就可能這對電定等會,0.227272727272727,0.818181818181818,"['一', '個', '可能這', '']"
707,所以你就你要發揮你這個官派董事的立場,是許這名航會女這關備董事立上,0.222222222222222,0.777777777777778,"['這', '董事', '立', '']"
708,這個這個包括價格上壟斷有沒有甚麼約束性,這個這都這價的正容在有沒什麼約主訓,0.421052631578947,0.578947368421053,"['這個這', '價', '有沒', '麼約', '']"
709,大概每每個禮拜都來跟我反映說這個價格,好到每為個裏拜的度百一座者價格,0.277777777777778,0.722222222222222,"['每', '個', '拜', '價格', '']"
710,那你們官派董事能不對他們經營有,那你們工被董事的麼對他記,0.466666666666667,0.533333333333333,"['那你們', '董事', '對他', '']"
711,基本上因為他是屬於地區,而基本上因為爾他的屬地區,0.818181818181818,0.363636363636364,"['基本上因為', '他', '屬', '地區', '']"
712,他有賺錢合理利潤我可以接受,還有鉆街的合理率的為接受,0.384615384615385,0.692307692307692,"['有', '合理', '接受', '']"
713,那他的費率會按照剛剛委員講,到他的費律之安到該委獎,0.307692307692308,0.692307692307692,"['他的費', '委', '']"
714,他是自然而然會形成地區性的獨佔,他是治療兩會行著地區的賭展,0.4,0.6,"['他是', '會', '地區', '的', '']"
715,所以他那個氣價的確也是一個核定的氣價,整利的氣價地確去個合頂的地價,0.166666666666667,0.666666666666667,"['的氣價', '']"
716,那你們又是百分之二十以上的股東,和你的用務是百這戲上活動,0.266666666666667,0.8,"['你', '是百', '上', '']"
717,但剛剛委員我知道就之前有一些,等高委員我這就自己了有一些,0.5,0.571428571428571,"['委員我', '就', '有一些', '']"
718,就每一個瓦斯公司他有一個核定的地區,這每一個東時他個核定的地區,0.588235294117647,0.411764705882353,"['每一個', '他', '個核定的地區', '']"
719,對價格他們有這一些疑慮,預價格他們自疑力,0.454545454545455,0.545454545454545,"['價格他們', '疑', '']"
720,形成壟斷性的這個控制,其子壟斷性的這個控制,0.8,0.2,"['壟斷性的這個控制', '']"
721,你們不是這個這個總經理,你們不是最治這個總經理,0.818181818181818,0.181818181818182,"['你們不是', '這個總經理', '']"
722,特別不景氣的時候這個這個,對於不僅進孫物這個這給,0.333333333333333,0.666666666666667,"['不', '這個這', '']"
723,那但是你們不是董事長,二次裏的不是董事長,0.5,0.5,"['不是董事長', '']"
724,以民眾的福祉為優先,因政的不死麼憂心,0.111111111111111,0.888888888888889,"['的', '']"
725,你超額利潤我就不能接受啦,你沖利動一會接受了,0.333333333333333,0.666666666666667,"['你', '利', '接受', '']"
726,部分的廠商的一些反映,問的廠商裏反應,0.4,0.6,"['的廠商', '反', '']"
727,因為這個天然氣的成本增加,因為證電借成的增加,0.416666666666667,0.583333333333333,"['因為', '成', '增加', '']"
728,經濟部能源局的核定,經濟不人園局的合定,0.555555555555556,0.444444444444444,"['經濟', '局的', '定', '']"
729,讓他們這個可能會倒閉,讓他們這可能會到閉,0.8,0.2,"['讓他們這', '可能會', '閉', '']"
730,跟委員報告就是目前,和各位報就是目前,0.555555555555556,0.444444444444444,"['報', '就是目前', '']"
731,他們難以接受,他們來接受,0.666666666666667,0.333333333333333,"['他們', '接受', '']"
732,按照目前天然氣事業法,按照部決電地是法,0.3,0.7,"['按照', '法', '']"
733,地方政府還有,被當最府還有,0.5,0.5,"['府還有', '']"
734,他一定要經過,一地上經過,0.5,0.5,"['一', '經過', '']"
735,跟委員報告,跟晚報道,0.4,0.6,"['跟', '報', '']"
736,應變作為在一級開設的時候有什麼特別的做法是退輔會應該要負責的,並對作為在一及開始的色了什麼特別的做法是這府而會表負責人,0.566666666666667,0.466666666666667,"['作為在一', '開', '的', '什麼特別的做法是', '會', '負責', '']"
737,其實我們退輔會喔在年前就已經成立了這個專案小組,公們特為在在明錢度已銀成立的的長轉轉小,0.260869565217391,0.739130434782609,"['們', '在', '已', '成立', '小', '']"
738,現在的這個一級防疫的時候退輔會的應變作為喔,現在的這個古及防意的時候對不會定本作為,0.571428571428571,0.428571428571429,"['現在的這個', '防', '的時候', '會', '作為', '']"
739,現在新冠肺炎的疫情非常嚴重喔,現罪盡管最嚴的一請量研做,0.142857142857143,0.857142857142857,"['現', '嚴', '']"
740,防疫的應變作為喔我想請問一下副主委喔,房意的一個作為奧相企微下不足為這個,0.222222222222222,0.833333333333333,"['的', '作為', '下', '']"
741,所有的總院他們他們有分派他們醫學中心的任務,所總業他們他們分百二們一學中心的任務,0.666666666666667,0.333333333333333,"['所', '總', '他們他們', '分', '們', '學中心的任務', '']"
742,我們都根據疾管屬中央,走頓都不具氣管所正就增量,0.2,1,"['都', '管', '']"
743,那根據中央的話我們去進駐的話就是中央,那工隊的爭央的把我們的清祝的就中央,0.5,0.555555555555556,"['那', '央的', '我們', '的', '就', '中央', '']"
744,退輔會這邊所要負責的關於,這組會機邊主要負責的款語,0.5,0.5,"['這', '邊', '要負責的', '']"
745,或者不定期隨時有需要隨時開會,的不定情隨時有時量卻下改為,0.428571428571429,0.642857142857143,"['不定', '隨時有', '時', '']"
746,這這個中央開設的話他會給我們北中南,這度中要開始把他懂北中來,0.352941176470588,0.647058823529412,"['這', '中', '開', '他', '北中', '']"
747,一級的這個防疫,一級一百特界的方映,0.428571428571429,1,"['一級', '的', '']"
748,我想請問這個退輔會,所要請望記者對付會,0.222222222222222,0.777777777777778,"['請', '會', '']"
749,成立了這個指揮中心每周,今月的資規中心達美週,0.181818181818182,0.909090909090909,"['中心', '']"
750,衛福部這邊所發布的,被付部這邊所發布的,0.777777777777778,0.222222222222222,"['部這邊所發布的', '']"
751,在一級開設的時候是甚麼樣子,在一級開設的時候是什麼,0.769230769230769,0.230769230769231,"['在一級開設的時候是', '麼', '']"
752,那防疫這個升級以後勒,那防禦這個升級偶人,0.6,0.4,"['那防', '這個升級', '']"
753,這個防疫的應變作為喔,這個防疫的零點作為要,0.7,0.3,"['這個防疫的', '作為', '']"
754,那如果說像剛剛委員特別提到,那如果說校剛委的特別提到,0.769230769230769,0.230769230769231,"['那如果說', '剛委', '特別提到', '']"
755,我們就馬上可以橫向聯繫,的們就把下給以直接很加明行,0.272727272727273,0.909090909090909,"['們就', '以', '']"
756,我們在退輔會已經成立了,我在這個銀成立,0.363636363636364,0.636363636363636,"['我', '在', '成立', '']"
757,在這個政府所規劃的,在這個政府所規劃的,1,0,"['在這個政府所規劃的', '']"
758,區院任務那如何,詢問任務來如何,0.571428571428571,0.428571428571429,"['任務', '如何', '']"
759,那麼我們根據,我們根據約,0.666666666666667,0.5,"['我們根據', '']"
760,這個行政院,幾個新業,0.2,0.8,"['個', '']"
761,隔離的床位如何分配,合理的常胃如何分配,0.555555555555556,0.444444444444444,"['的', '如何分配', '']"
762,有任何的指導,劉綜合的指導,0.5,0.5,"['的指導', '']"
763,給我們分派的任務我們來,所們分牌人來,0.272727272727273,0.727272727272727,"['們分', '來', '']"
764,這個考試算及格喔,考試在計道,0.25,0.75,"['考試', '']"
765,我想請問一下喔,我像起問一下,0.571428571428571,0.428571428571429,"['我', '問一下', '']"
766,那配合中央來做,配合中來者,0.571428571428571,0.428571428571429,"['配合中', '來', '']"
767,動線如何做,現模作,0,1,['']
768,那麼一這些單位他有沒有在一級疫的時候他的應變措施是甚麼,你個就些單位他有沒有在一級防疫的時候他的一面措施是什麼,0.740740740740741,0.296296296296296,"['些單位他有沒有在一級', '疫的時候他的', '措施是', '麼', '']"
769,什麼叫持續營運的計畫就是當這個疫情擴大到可能社區感染的時候,想要持續人的計劃就兜著一經擴大到可的設計代的時候好,0.413793103448276,0.620689655172414,"['持續', '的計', '就', '擴大到可', '的時候', '']"
770,天然氣然後電力客運其實都有,氣喔聊電地保客運其是都有好,0.538461538461538,0.615384615384615,"['氣', '電', '客運其', '都有', '']"
771,針對這個天然氣還有這些能源的這些,針對而這個界且啊最些的員的這些,0.5,0.5625,"['針對', '這個', '些', '的這些', '']"
772,跟退輔會相關的這個事業裡面,跟這不會以相關的這個的事業料,0.692307692307692,0.461538461538462,"['跟', '會', '相關的這個', '事業', '']"
773,對不起我必須說這不是正確答案,有且必須所就不是政確答案這券打謝要,0.5,0.857142857142857,"['必須', '不是', '確答案', '']"
774,其實各個投資事業都已經召開了內部的應變小組,實時各個都資是都已經找開內部的應對小組,0.666666666666667,0.380952380952381,"['實', '各個', '資', '都已經', '開', '內部的應', '小組', '']"
775,開設的時候這些單位應該要做的應變作為是甚麼,開射的時候這些單位應表作裡變做了是什麼,0.571428571428571,0.428571428571429,"['開', '的時候這些單位應', '作', '是', '麼', '']"
776,他是自行的就是配合整個疫情升高做自行的管制,而是自行的支配合的的一起睡要做自行的管制,0.571428571428571,0.428571428571429,"['是自行的', '配合', '做自行的管制', '']"
777,那相關的這一些特別是客運公司天然氣公司,的相關的最些特別是可以中時界機公室,0.421052631578947,0.578947368421053,"['相關的', '些特別是', '公', '']"
778,內部也都把相關的這個應變措施也都提升了,未部有都把相關的這個應對措施有都提升了,0.789473684210526,0.210526315789474,"['部', '都把相關的這個應', '措施', '都提升了', '']"
779,在第一級開設的時候必須要能夠協調榮民醫療,在地級拍攝的摔不下那個協調融民療,0.35,0.65,"['在', '級', '的', '協調', '民', '療', '']"
780,與這個社區傳染的狀況是能夠構共存的,預這的社區全北個較況五滾存的,0.352941176470588,0.647058823529412,"['這', '社區', '況', '存的', '']"
781,客運這些電力通通都是必須要能夠,客運跑這些對比通能就是不須要能夠,0.666666666666667,0.4,"['客運', '這些', '通', '是', '須要能夠', '']"
782,都要能夠準備好持續營運的計畫,東要能夠準備好持續營運的計畫,0.928571428571429,0.071428571428572,"['要能夠準備好持續營運的計畫', '']"
783,目前就因為我們目前是跟大眾接觸,的目城鎮用了的目前是跟大眾接楚,0.533333333333333,0.533333333333333,"['目', '目前是跟大眾接', '']"
784,針對的主要還是接觸面的這一些員工,針對的主要還是接觸內的真星勇隊,0.625,0.375,"['針對的主要還是接觸', '的', '']"
785,他的相關的防疫自我防疫措施為主,他的相關的防疫陣我的房疫措施為主,0.866666666666667,0.2,"['他的相關的防疫', '我', '疫措施為主', '']"
786,隨著政府的提高的這個升級,誰的政府的提高的這個升級,0.833333333333333,0.166666666666667,"['政府的提高的這個升級', '']"
787,要有持續營運的計畫,有實許營運的計畫,0.666666666666667,0.333333333333333,"['有', '營運的計畫', '']"
788,病床的調度以及支援,其病場的調度及資源素,0.555555555555556,0.666666666666667,"['病', '的調度', '及', '']"
789,針對現在一級防疫開設,針對現在一級防一開測,0.8,0.2,"['針對現在一級防', '開', '']"
790,跟退輔會相關的一些單位,跟對我會相關的接單位,0.636363636363636,0.363636363636364,"['跟', '會相關的', '單位', '']"
791,設施國營企業的設施,設施好管期業的設施喔,0.666666666666667,0.444444444444444,"['設施', '業的設施', '']"
792,疫情會大到甚麼程度我們不知道,必協會達到什麼相動不知道,0.428571428571429,0.571428571428571,"['會', '到', '麼', '不知道', '']"
793,能源天然氣,人員居然氣,0.4,0.6,"['然氣', '']"
794,所以現在他們都是屬於,最現在他們都是屬於,0.8,0.2,"['現在他們都是屬於', '']"
795,那我這邊要請問,老就要請問好,0.428571428571429,0.714285714285714,"['要請問', '']"
796,但是管制的密度頻率,在是管制的密度頻率,0.888888888888889,0.111111111111111,"['是管制的密度頻率', '']"
797,好所以說我這邊必須要,好是中知對下,0.1,0.9,"['好', '']"
798,提醒退輔會,提醒拆股會好,0.6,0.6,"['提醒', '會', '']"
799,跟委員報告,更文報道,0.2,0.8,"['報', '']"
800,你們可以看到這個是你們在一百零六年的時候所自己提出來的一個,對變到這個是你們的一百零六點的時候者自己提出來的一個,0.724137931034483,0.275862068965517,"['到這個是你們', '一百零六', '的時候', '自己提出來的一個', '']"
801,然後有各種隔離措施標準作業的流程這是四項來,把有各種格力措施調的做多曾考之四小好特來,0.380952380952381,0.714285714285714,"['有各種', '措施', '的', '四', '來', '']"
802,我想請問一下十六個榮家目前根據這四項標準裡面,將企為一下十六個容價目前跟據這四項標準裡面,0.681818181818182,0.318181818181818,"['一下十六個', '目前', '據這四項標準裡面', '']"
803,獨立的空間獨立的衛浴設備而且都有呼叫鈴,主立的工間獨立的決會射的解對物教裡,0.31578947368421,0.68421052631579,"['立的', '間獨立的', '']"
804,這個衛生防護隔離空間設置的一個,法這本法快程保護跟更軍設置的一個,0.466666666666667,0.666666666666667,"['這', '護', '設置的一個', '']"
805,現在基本上是一人一間,的最具的措是一了意見,0.2,0.8,"['是一', '']"
806,那麼好這個地方我想請教一下,那跑這個地刀我要請問一下好,0.615384615384615,0.461538461538462,"['那', '這個地', '我', '請', '一下', '']"
807,所以我想這個地方剛才呢有所疏漏,結我想間的定當前的有所說,0.266666666666667,0.733333333333333,"['我想', '有所', '']"
808,居家隔離的人數現在是三位嗎,聚家格力的了就下是三位飽,0.384615384615385,0.615384615384615,"['家', '的', '是三位', '']"
809,所以你看到現在有主要有四個標準,這你大下有就要次的標準,0.333333333333333,0.666666666666667,"['你', '有', '要', '標準', '']"
810,還是有部分不符合現在的狀況是甚麼,還是有都非不符好現的狀況之程,0.5625,0.4375,"['還是有', '不符', '現', '的狀況', '']"
811,有討論到現在目前榮家的,有團到現在不前農家的,0.636363636363636,0.363636363636364,"['有', '到現在', '前', '家的', '']"
812,防疫的這個隔離空間的坪,防意的這個格力的空間的這個品,0.636363636363636,0.636363636363636,"['防', '的這個', '空間的', '']"
813,然後呢隔離空間使用對象要明確,然後的隔理空進時對下要明確,0.571428571428571,0.428571428571429,"['然後', '隔', '空', '對', '要明確', '']"
814,是獨立的有獨立的衛浴,是獨立的有獨立的位魚,0.8,0.2,"['是獨立的有獨立的', '']"
815,的這個標準設置的標準是甚麼,的這個標準討設置的標的之程,0.692307692307692,0.384615384615385,"['的這個標準', '設置的標', '']"
816,好那這個答案我很滿意,好和這個答我很滿意,0.8,0.2,"['好', '這個答', '我很滿意', '']"
817,那針對這個肺炎這個,那針對這個達自嚴這對,0.666666666666667,0.444444444444444,"['那針對這個', '這', '']"
818,在榮家現在有十六個榮家,在容家息的十六龍家,0.454545454545455,0.545454545454545,"['在', '家', '十六', '家', '']"
819,現在的狀況是完全符合,現在的狀動自完政府了,0.5,0.5,"['現在的狀', '完', '']"
820,然後沒有用中央空調,人會沒用這樣空調,0.444444444444444,0.555555555555556,"['沒', '用', '空調', '']"
821,一些基本的標準,一些的基本的標準,1,0.142857142857143,"['一些', '基本的標準', '']"
822,認為榮家一定要,列百號龍家一定要,0.571428571428571,0.571428571428571,"['家一定要', '']"
823,然後隔離空間要符合控制的規定,好跟更加和和控制的規定,0.357142857142857,0.642857142857143,"['控制的規定', '']"
824,這個有關於,這個有關於,1,0,"['這個有關於', '']"
825,然後不是用中央空調,不是用這樣空調,0.555555555555556,0.444444444444444,"['不是用', '空調', '']"
826,請退輔會能夠注意到,請這部會能夠注意到,0.777777777777778,0.222222222222222,"['請', '會能夠注意到', '']"
827,前面的討論當中喔,前面的討論當中喔,1,0,"['前面的討論當中喔', '']"
828,要設有隔離空間,要是有隔離空間,0.857142857142857,0.142857142857143,"['要', '有隔離空間', '']"
829,是完全符合呢,是完掘符合的,0.666666666666667,0.333333333333333,"['是完', '符合', '']"
830,那剛才在這個,好那剛才在這個,1,0.166666666666667,"['那剛才在這個', '']"
831,現目前是這樣子,且目前是這樣,0.714285714285714,0.285714285714286,"['目前是這樣', '']"
832,所以現在能夠達到完全的符合這是好事那但是我們要做超前部署的準備,是現在門夠把達到完全的國這是好是好的對手沒要做超檢部識麼準備,0.580645161290323,0.483870967741936,"['現在', '夠', '達到完全的', '這是好', '是', '要做超', '部', '準備', '']"
833,我想請問副主委,所要絕副組目前針對這個親含的融劵農民子女的,0.142857142857143,3,"['副', '']"
834,目前的菁英圓夢的這個補助計畫我剛剛看到非常好,目前的金英準夢的這個不錯計化剛看到非較好,0.636363636363636,0.363636363636364,"['目前的', '英', '夢的這個', '計', '剛看到非', '好', '']"
835,本席也這個在國外念碩士念博士知道很辛苦,本些既有在觀點說十面博是知道喔這個辛苦,0.368421052631579,0.736842105263158,"['本', '在', '博', '知道', '辛苦', '']"
836,博士一年還是只給五十萬那更是遠遠不夠,格是一點還排次只給五十完的各是也也不夠,0.444444444444444,0.555555555555556,"['是', '只給五十', '是', '不夠', '']"
837,這個退輔會這邊能夠考慮針對博士的時候是不是增加到一百萬,這個最後界段的考慮針對博式設施被增加的一百萬,0.444444444444444,0.555555555555556,"['這個', '考慮針對博', '增加', '一百萬', '']"
838,清寒的榮眷榮弟子弟都給她補助是應該的,青感的容借容地子弟二的表補助行應改了,0.333333333333333,0.666666666666667,"['的', '子弟', '補助', '應', '']"
839,其實這個好的事情我們不怕增加預算,其實這個好的是情了不怕增加預算跑,0.8125,0.25,"['其實這個好的', '情', '不怕增加預算', '']"
840,他的這個隔離空間的使用狀況要特別的注意,他的這個個月空間的這個使用繳況要特別的注意,0.842105263157895,0.263157894736842,"['他的這個', '空間的', '使用', '況要特別的注意', '']"
841,然後呢這個目前雖然居家隔離三人,然後的這個目前現巨價格離賽人喔,0.533333333333333,0.533333333333333,"['然後', '這個目前', '離', '人', '']"
842,因為現在這個社區感染會多嚴重我們不曉得,因現在這個設計該會有多嚴重不小的,0.526315789473684,0.526315789473684,"['因', '現在這個', '會', '多嚴重', '不', '']"
843,掌握到這樣的一個標準超前部署,掌握大家的標準跑的超前報數,0.5,0.642857142857143,"['掌握', '的', '標準', '超前', '']"
844,他們的碩士跟博士各是補助多少錢,他們的設施個博士各是不做法請,0.466666666666667,0.533333333333333,"['他們的', '博士各是', '']"
845,碩士博士是一次性五十萬,是是是失去五十來,0.272727272727273,0.727272727272727,"['是', '五十', '']"
846,但是隨著疫情的擴大他人數有可能增加,在隨的一起的擴大他留去有可能增講,0.529411764705882,0.470588235294118,"['隨', '的擴大他', '有可能增', '']"
847,那如果碩士領到我念博士班可不可以領可以,所要種設試底到穩定不是板科隊的退以,0.157894736842105,0.894736842105263,"['到', '不', '以', '']"
848,那這個基金上面的增加我希望喔,這個基金上面的增教希望,0.714285714285714,0.285714285714286,"['這個基金上面的增', '希望', '']"
849,所以呢在碩士的部分一年五十萬,所的在設施的部分一點五十萬,0.642857142857143,0.357142857142857,"['所', '在', '的部分一', '五十萬', '']"
850,但是這個,的是這個,0.75,0.25,"['是這個', '']"
851,那你如果在碩士只能領一次,女輸這現事成儀式,0,1,['']
852,這個碩士一般都是念幾年,這個涉施一般都審電幾年,0.636363636363636,0.363636363636364,"['這個', '一般都', '幾年', '']"
853,高中大學一次性四十萬,當重大去一事去是死萬,0.3,0.7,"['大', '一', '萬', '']"
854,我想跟主委講這個計劃很好,我想跟組位講這個計劃很好,0.833333333333333,0.166666666666667,"['我想跟', '講這個計劃很好', '']"
855,最後我在請問一個問題喔,好的最後的在請問個問題喔,0.818181818181818,0.363636363636364,"['最後', '在請問', '個問題喔', '']"
856,甚至呢也有可能會有人確診,甚至的有可能會有確整,0.666666666666667,0.333333333333333,"['甚至', '有可能會有', '確', '']"
857,其實都已經不夠用了,只是對就不夠用,0.333333333333333,0.666666666666667,"['不夠用', '']"
858,菁英補助計畫,今日補助計劃,0.5,0.5,"['補助計', '']"
859,我希望這個地方,所希要芝的地方忙,0.428571428571429,0.714285714285714,"['希', '地方', '']"
860,那我現在請問一下,老家其問一下喔,0.375,0.75,"['問一下', '']"
861,一旦確診的話呢,的確診的話了,0.571428571428571,0.428571428571429,"['確診的話', '']"
862,錢呢很需要,前的持要,0.2,0.8,"['要', '']"
863,一次性五十萬,一次十,0.5,0.5,"['一次', '十', '']"
864,多給他一些補助喔其實沒有差到多少錢希望退輔會能夠給他這個增加喔,多給來些補助好其十沒的差老多少錢喔希對我能夠給了子個陣加,0.548387096774194,0.483870967741936,"['多給', '些補助', '其', '沒', '差', '多少錢', '希', '能夠給', '個', '加', '']"
865,好第二個我看到就是說在獎學金的計畫有數千名,好掉了我看到就是說在講決金的計劃有數簽名,0.666666666666667,0.333333333333333,"['好', '我看到就是說在', '金的計', '有數', '名', '']"
866,運輸業那這個我請那個處長,應技屬業好歡了這個國起自前那個住長了,0.5,1,"['業', '這個', '那個', '長', '']"
867,跟委員報告因為每個月我要主持一次工作會報,是度把人我每個地我主持次的工車規寶,0.35,0.7,"['每個', '我', '主持', '次', '工', '']"
868,這個一次或兩次來領取喔我覺得這個東西是有必要,這個一次後兩次來領取好我就會這個能一些必要,0.636363636363636,0.363636363636364,"['這個一次', '兩次來領取', '我', '這個', '必要', '']"
869,然後先出去知道他以後還可以再想辦法,拿先出制知道台以後還可在想賣吧,0.529411764705882,0.470588235294118,"['先出', '知道', '以後還可', '想', '']"
870,是剛剛委員講兩個問題一個是博士的部分能不能提高費用,是文當展的屋裏細可是的式的不能幾的工,0.16,0.8,"['是', '的', '不能', '']"
871,然後有這個菁英的圓夢計畫出去念碩博士的很好,然有這個金的原夢計劃球具隊車公式的很好,0.476190476190476,0.523809523809524,"['然', '有這個', '的', '夢計', '的很好', '']"
872,今天清寒的榮眷子女能夠唸到博士在國外尤其是,今天金牌的融俊子裏的更定到博士在國來尤其是,0.571428571428571,0.428571428571429,"['今天', '的', '子', '到博士在國', '尤其是', '']"
873,那也平常也可能之前沒有拿這個在國內的獎學金的喔,在給家也可能之前沒拿這個在工內講學緊量,0.521739130434783,0.478260869565217,"['也可能之前沒', '拿這個在', '內', '學', '']"
874,還沒有出去念碩士還沒有出去念博士,還沒有租句電碩使還沒有這句點博士,0.5625,0.4375,"['還沒有', '碩', '還沒有', '博士', '']"
875,圓一個夢想有沒有這種小額補助的一個計畫,法院格夢想因沒有這種小不做的一個計劃,0.578947368421053,0.421052631578947,"['夢想', '沒有這種小', '的一個計', '']"
876,可是呢他呢可以先出去看一看,可是的他的可以學這些看一看,0.615384615384615,0.384615384615385,"['可是', '他', '可以', '看一看', '']"
877,在跟他們討論那我們整體作為,這個到們討論了宋整濟的治我喔,0.307692307692308,0.846153846153846,"['們討論', '整', '']"
878,我們在我們討論完以後再跟你報告,而不在臺論網有再點報,0.266666666666667,0.733333333333333,"['在', '論', '再', '報', '']"
879,五百大的這個好學校都已經不簡單了,法五百大的這個好學校都就不簡單了,0.875,0.1875,"['五百大的這個好學校都', '不簡單了', '']"
880,清寒的這個子女,今晚的這子女好,0.571428571428571,0.571428571428571,"['的這', '子女', '']"
881,每年大概將近有六千名的這個獎學金的計畫,偉列到將接六千名的這個獎一個小,0.421052631578947,0.578947368421053,"['將', '六千名的這個獎', '']"
882,機票的補助也好或者說幾萬塊的補助,記大的不作好後者是幾外快不助,0.3125,0.6875,"['的', '好', '者', '幾', '助', '']"
883,他們沒有到優秀到出去念碩博士的,他個沒有到有秀到自句電所博士的,0.6,0.4,"['他', '沒有到', '秀到', '博士的', '']"
884,我們這個公共事業只要是指瓦斯跟,本治同事是時廣式跟,0.2,0.8,"['事', '是', '跟', '']"
885,有沒有能夠提供給它們也出國的,我沒有能夠提高給方比出國站,0.571428571428571,0.428571428571429,"['沒有能夠提', '給', '出國', '']"
886,提供給他們出國遊學的一種補助,提供兩出過永學的種不助,0.5,0.5,"['提供', '出', '學的', '種', '助', '']"
887,我們研究完以後我們也會跟委員報告,我營究管理我明的各尾巴,0.1875,0.8125,"['我', '究', '我', '']"
888,但是這中間好像少了一層,但是最終介像小力程,0.272727272727273,0.727272727272727,"['但是', '像', '']"
889,或者說他還可以分成,或者說往還還澱粉稱,0.444444444444444,0.555555555555556,"['或者說', '還', '']"
890,超過六千名,才購都遭交有解解方好,0,2,['']
891,萬一如果社區感染那,管利有事及感短鬧,0.111111111111111,0.888888888888889,"['感', '']"
892,你們也有規定是要前,我們有規規定下前,0.555555555555556,0.555555555555556,"['們', '有規', '定', '前', '']"
893,剛剛你提到那個很謝謝你喔,三女提到那等謝協標,0.333333333333333,0.666666666666667,"['提到那', '謝', '']"
894,第二個是這個遊學,第個是就優誰呢,0.375,0.625,"['第', '個是', '']"
895,小額的補助,小兒的不助,0.6,0.4,"['小', '的', '助', '']"
896,也就是他連續死亡到現在已經個了,你是他連續所亡大現今片末個,0.466666666666667,0.533333333333333,"['是他連續', '亡', '現', '個', '']"
897,謝謝謝謝好希望看到有正面的答案謝謝,謝謝謝謝謝好像占到正面的打擊,0.529411764705882,0.529411764705882,"['謝謝謝謝好', '到', '正面的', '']"
898,原來平常的做法遇到這個疫情來,原短平常的做法律到這個一起來,0.714285714285714,0.285714285714286,"['原', '平常的做法', '到這個', '來', '']"
899,武漢肺炎這麼嚴重喔我們有沒有什麼應變的措施,費做的嚴重我沒的所應面確試,0.238095238095238,0.761904761904762,"['嚴重', '我', '沒', '的', '']"
900,美國現在最新的六個死亡病例,所國家最新的六個死亡平例,0.692307692307692,0.307692307692308,"['國', '最新的六個死亡', '例', '']"
901,或者是長期慢性疾病,者是長期慢性疾病,0.888888888888889,0.111111111111111,"['者是長期慢性疾病', '']"
902,青健康醫療中心裡面的營養師,長期接的必要收席的對的一養四喔,0.153846153846154,1,"['的', '養', '']"
903,死亡或者重症的病歷,四維合子陣陣的病例,0.222222222222222,0.777777777777778,"['的病', '']"
904,都沒有分艙共同活動,怎們個分潮備等則等,0.111111111111111,0.888888888888889,"['分', '']"
905,那還有跟特殊比方說,還有跟特殊表說,0.666666666666667,0.333333333333333,"['還有跟特殊', '說', '']"
906,長青健康醫療中心,長清健康一療中心,0.75,0.25,"['長', '健康', '療中心', '']"
907,都來自於華盛頓州,都來自於滑盛度罪,0.625,0.375,"['都來自於', '盛', '']"
908,武漢肺炎導致,完費嚴導致,0.333333333333333,0.666666666666667,"['導致', '']"
909,這個西雅圖附近的這一個,這個顯讀復近的這一個,0.636363636363636,0.363636363636364,"['這個', '近的這一個', '']"
910,一級疫區接觸的歷史,直一取借助的歷史,0.444444444444444,0.666666666666667,"['一', '的歷史', '']"
911,那我們榮家第一個是,那如有加低的是,0.222222222222222,0.777777777777778,"['那', '是', '']"
912,是謝謝委員,配為,0,1,['']
913,也就是我們榮家這種的機構,就是我們農假這種麼的機構,0.75,0.333333333333333,"['就是我們', '這種', '的機構', '']"
914,不管是中國和日本,完是中國和資本,0.625,0.375,"['是中國和', '本', '']"
915,針對這一次的,針對自己次的,0.666666666666667,0.333333333333333,"['針對', '次的', '']"
916,我先問一個問題喔因為,的相意動體對,0,1,['']
917,因為我們我們也有,根門營業,0,1,['']
918,我先請教一下就我們,我現起這的這我們,0.333333333333333,0.666666666666667,"['我', '我們', '']"
919,那他們平常有這樣活動,要看避的角色等,0,1,['']
920,最近我們在,最近而能在,0.6,0.4,"['最近', '在', '']"
921,美國華盛頓州長,沒國發生度松,0.142857142857143,0.857142857142857,"['國', '']"
922,本席在這邊給你一個數據,先的給一個數據,0.454545454545455,0.545454545454545,"['給', '一個數據', '']"
923,完全沒辦法,完全沒蛋排,0.6,0.4,"['完全沒', '']"
924,他裡面有些,他裡沒有限,0.6,0.4,"['他裡', '有', '']"
925,好剛好是我們台僑,說們開橋,0.125,0.875,"['們', '']"
926,一下就散開來了,一下個曬開來了,0.714285714285714,0.285714285714286,"['一下', '開來了', '']"
927,他有幾個特色,他決特色,0.5,0.5,"['他', '特色', '']"
928,就已經先停止暫時停止大型的一個集會活動,就一些在停止再職停止大型的一個及會活動,0.68421052631579,0.31578947368421,"['就', '停止', '停止大型的一個', '會活動', '']"
929,你們那裡有沒有健保卡的讀卡機跟雲端連線,等的有沒有健保卡的多卡機跟平帶明線,0.578947368421053,0.421052631578947,"['有沒有健保卡的', '卡機跟', '線', '']"
930,那根據我從那個基層診所協會那邊聽到的,那根就成的個機算增所協會的聽道的,0.388888888888889,0.555555555555556,"['那根', '個', '所協會', '的', '']"
931,之前在門口就會量體溫,日前在門口就會仍提問,0.6,0.4,"['前在門口就會', '']"
932,有沒有到過那些,月動隊的到杜決,0.142857142857143,1,"['到', '']"
933,幾乎在報告自己的旅遊史,機會在報屆比較時候,0.181818181818182,0.818181818181818,"['在報', '']"
934,按照一般的標準到四到六個人一間,那的一半的標準到適到六的一間,0.6,0.4,"['一', '的標準到', '到六', '一間', '']"
935,訪客一進來,至自組從各業回一制能,0.2,1.8,"['一', '']"
936,這個管制要嚴格一點要不然榮家這些長輩,那管作嚴格以給的半農家最講備,0.222222222222222,0.777777777777778,"['管', '嚴格', '家', '']"
937,甚至於旅遊史也不是唯一的指標了,受據旅由此也不是個一個指標了,0.533333333333333,0.466666666666667,"['旅', '也不是', '一', '指標了', '']"
938,完全講實話的幾乎是零,完全講示化的機乎是地點,0.6,0.5,"['完全講', '的', '乎是', '']"
939,安養的話是獨立的寢室,來有的話是獨立的情示,0.6,0.4,"['的話是獨立的', '']"
940,有我們每個人家都有一個保健組,所同能內動標都有一個保薦組,0.428571428571429,0.571428571428571,"['都有一個保', '組', '']"
941,保全如果在做這樣的管制的時候,把全部在浙江的本自身,0.214285714285714,0.785714285714286,"['全', '在', '的', '']"
942,好接下來我們台南的榮,接下文傳冷的門,0.3,0.7,"['接下', '的', '']"
943,原來編的預算是多少,我原本並得預算是多少,0.666666666666667,0.444444444444444,"['原', '預算是多少', '']"
944,就是說現在量體溫以經,就是說吃的兩提供已經,0.4,0.6,"['就是說', '經', '']"
945,榮民醫院對面這塊地,人民積人對面指會地喔,0.444444444444444,0.666666666666667,"['民', '對面', '地', '']"
946,對陸配我們更更有,對路碑我們更各有,0.625,0.375,"['對', '我們更', '有', '']"
947,沒辦法當作唯一的指標了,回把當作為一個指標了,0.545454545454545,0.454545454545455,"['當作', '一', '指標了', '']"
948,但我們榮家這個,本我們農將不的,0.285714285714286,0.714285714285714,"['我們', '']"
949,你們把這個整合要遷移到,那你把的整合要遷移到,0.727272727272727,0.363636363636364,"['你', '把', '整合要遷移到', '']"
950,所以你們在門口的,生銀在門跑的,0.375,0.625,"['在門', '的', '']"
951,是不是有沒有辦法,是不是有不,0.5,0.5,"['是不是有', '']"
952,來看他的卡會怎麼樣,來看他的查核這麼,0.555555555555556,0.444444444444444,"['來看他的', '麼', '']"
953,疫區然後再,地區回會對,0.2,0.8,"['區', '']"
954,但我們總是要做一個調查,動走要做的調查,0.363636363636364,0.636363636363636,"['要做', '調查', '']"
955,個別的寢室,他個別的情示,0.6,0.6,"['個別的', '']"
956,然後去問他,然後就問他,0.8,0.2,"['然後', '問他', '']"
957,更加強的管制,但加強的管制,0.833333333333333,0.166666666666667,"['加強的管制', '']"
958,這個網寮的,這個廣標的,0.6,0.4,"['這個', '的', '']"
959,原來在大學路,覺得大學路,0.5,0.5,"['大學路', '']"
960,是國發會在昨天下班的時候他的文回來了,整國隊在昨天下班的時候他的文回來了,0.833333333333333,0.166666666666667,"['國', '在昨天下班的時候他的文回來了', '']"
961,會增加這麼多因為一般這樣的預算增加百分之四十,增加這麼多丟一般價的預算增加兒子四十,0.636363636363636,0.363636363636364,"['增加這麼多', '一般', '的預算增加', '四十', '']"
962,那我們現在他說我們現在把它改成四十個,那文線代發作我們現的把感到刺十個,0.388888888888889,0.611111111111111,"['那', '我們現', '把', '十個', '']"
963,一個單元兩個獨立的寢室共用一,的一個單員兩個獨立的情示共用衣,0.714285714285714,0.357142857142857,"['一個單', '兩個獨立的', '共用', '']"
964,不一樣他建議還是回歸之前的計畫就是,樣額就一還子回歸之前的計法就是,0.588235294117647,0.411764705882353,"['樣', '還', '回歸之前的計', '就是', '']"
965,想把價錢壓下來但是你改廁所這個省不了多少錢喔,想把炸學要在的特這地改測所這個十收要到小,0.272727272727273,0.727272727272727,"['想把', '改', '所這個', '']"
966,你增加的幅度幾乎高達百分之四十,為增加的幅度期高爸百分之四十,0.733333333333333,0.266666666666667,"['增加的幅度', '高', '百分之四十', '']"
967,那他有幾個意見第一個就是原本我們,那他有幾個意見低一的就是原本我們,0.875,0.125,"['那他有幾個意見', '一', '就是原本我們', '']"
968,他覺得跟我們之前最早的報的計畫是,那覺得更的支前這種的代的計報是,0.375,0.5625,"['覺得', '的', '的計', '是', '']"
969,有沒有同意給你們追加因為你追加的額度從,我們同一點最佳又以最佳額度從,0.210526315789474,0.789473684210526,"['們', '額度從', '']"
970,你們送到國發會那邊他的結論,你送被規發會的邊他的結論,0.692307692307692,0.307692307692308,"['你', '送', '發會', '邊他的結論', '']"
971,十二億到十七億,十二億代十七億喔,0.857142857142857,0.285714285714286,"['十二億', '十七億', '']"
972,現在他的意見就是說那,甚在的他的意見就是所的,0.7,0.4,"['在', '他的意見就是', '']"
973,報的計劃是,都帶的生計報是,0.6,0.8,"['的', '計', '是', '']"
974,分兩期一個就是,分兩起謠地個就是,0.714285714285714,0.428571428571429,"['分兩', '個就是', '']"
975,那個前瞻工程區計畫,那個前面不糟主機計畫喔,0.555555555555556,0.666666666666667,"['那個前', '計畫', '']"
976,台商回流第三個就是砂石,臺上委規就地小就小時,0.090909090909091,0.909090909090909,"['就', '']"
977,那現在要調整到億嗎,和是個要腳子的七億碼,0.222222222222222,0.888888888888889,"['要', '億', '']"
978,很多的工程第二個就是,很多的等成第就,0.5,0.5,"['很多的', '第', '就', '']"
979,在這個修正,在這個修訂,0.8,0.2,"['在這個修', '']"
980,竟現在我們的長照規定,只是對我們的籌隊規定,0.5,0.5,"['我們的', '規定', '']"
981,很罕見真正原因是什麼,還款見針對給子什麼,0.3,0.7,"['見', '什麼', '']"
982,並沒有規定一定要一人一間,並面規定一定要一的一見,0.666666666666667,0.333333333333333,"['並', '規定一定要一', '一', '']"
983,你們原來編的預算是多少錢,個了病的預色道歉,0.166666666666667,0.833333333333333,"['的預', '']"
984,後來你們又重新修正,這了你們有重新收整,0.444444444444444,0.555555555555556,"['你們', '重新', '']"
985,原本之前的,原本智前的,0.8,0.2,"['原本', '前的', '']"
986,就到十五億,就入告訴品,0.2,0.8,"['就', '']"
987,編到十五億左右嗎,邊被十五一左右滿,0.5,0.5,"['十五', '左右', '']"
988,第一次修正計畫以後,第次修對接拜有,0.333333333333333,0.666666666666667,"['第', '次修', '']"
989,那國發會的意見是什麼,國發會了解手,0.3,0.7,"['國發會', '']"
990,套房一人一間,太保業一界,0.166666666666667,0.833333333333333,"['一', '']"
991,本來應該十一二億吧,隨的十二一了,0.222222222222222,0.777777777777778,"['十', '二', '']"
992,投資一兆兩千億全部吸過去,投資一造兩氣全部細格去,0.583333333333333,0.416666666666667,"['投資一', '兩', '全部', '去', '']"
993,板模工營造工全部被台積電,國營造完全部的開積點,0.416666666666667,0.583333333333333,"['營造', '全部', '積', '']"
994,不是你們的問題但是一直慢下來,你是怎麼的問題但子弟子賣站,0.357142857142857,0.642857142857143,"['你', '的問題但', '']"
995,我今天不是要指責你們因為我知道裡面有一些真的是,我就不再此準理有造停有一些這的,0.260869565217391,0.739130434782609,"['我', '不', '有一些', '的', '']"
996,東區大學路那個,爭區大學路會的況,0.571428571428571,0.571428571428571,"['區大學路', '']"
997,套房改成兩間共用一個,套房改著很兩件更六一個,0.6,0.5,"['套房改', '兩', '一個', '']"
998,這因為是國發會給我們我們要,這位子國會更為我沒,0.307692307692308,0.692307692307692,"['這', '國', '會', '我', '']"
999,但只有一個就是剛剛提那一項,要九一個就港題內向,0.230769230769231,0.769230769230769,"['一個就', '']"
1000,因為你這個工程牽涉到,因裏自的跟成清折稿,0.1,0.9,"['因', '']"
1001,廁所改變一下降了兩千萬,廁所改變一下將的感之外,0.545454545454545,0.454545454545455,"['廁所改變一下', '']"
1002,那個會場要交出來,那個會材料講出來,0.625,0.375,"['那個會', '出來', '']"
1003,提高到十五億多,提改北十五億多,0.714285714285714,0.285714285714286,"['提', '十五億多', '']"
1004,報告委員我補充一下因為,員不同下因為,0.363636363636364,0.636363636363636,"['員', '下因為', '']"
1005,他就同意讓你們追加兩億五千萬,他就同言最佳點有前萬,0.285714285714286,0.714285714285714,"['他就同', '萬', '']"
1006,你們一直流標喔你們標不出去喔,澤表應該主需要,0,1,['']
1007,把那些老先生移到哪裡,把了有導現子一到的一去,0.2,0.9,"['把', '到', '']"
1008,增兩億五千萬國發會同意,兩一五較過通意,0.272727272727273,0.727272727272727,"['兩', '五', '意', '']"
1009,牽涉到長照的,吃最被慘走的,0.166666666666667,0.833333333333333,"['的', '']"
1010,所以就省兩千萬,這這三感千萬,0.285714285714286,0.714285714285714,"['千萬', '']"
1011,廁所修改降的兩千萬,是所修改的這的兩千萬,0.777777777777778,0.333333333333333,"['所修改', '的兩千萬', '']"
1012,但是你們要把廁所本來是,但次女要把廁所的來善,0.545454545454545,0.454545454545455,"['但', '要把廁所', '來', '']"
1013,已經慢了幾年了,一之賣的起年的,0.142857142857143,0.857142857142857,"['年', '']"
1014,你們是權責單位嗎,名是趁子單位了,0.375,0.625,"['是', '單位', '']"
1015,補了兩億五千萬,走了量印千萬,0.428571428571429,0.571428571428571,"['了', '千萬', '']"
1016,原料所以就是,電秒跑試者,0,1,['']
1017,國發會我們原則是要,我要會原則送不銷,0.333333333333333,0.777777777777778,"['我', '原則', '']"
1018,那個大概省兩千萬嗎,來戴生兩建萬,0.222222222222222,0.777777777777778,"['兩', '萬', '']"
1019,給了兩億五千萬,給的與六千萬,0.428571428571429,0.571428571428571,"['給', '千萬', '']"
1020,他的意見是說,他的意件事說,0.666666666666667,0.333333333333333,"['他的意', '說', '']"
1021,他的意見最重要是,他的一件這段,0.25,0.75,"['他的', '']"
1022,這樣夠還是不夠,在購來是不夠,0.428571428571429,0.571428571428571,"['是不夠', '']"
1023,這樣夠不夠,加不,0.2,0.8,"['不', '']"
1024,我的意思說我們回到一個基本的就是你們這一個工程已經延宕了,這個一思等回代的基本的就是年的自意的動存經簡單了,0.285714285714286,0.678571428571429,"['個', '基本的就是', '經', '了', '']"
1025,針對我們原來不符合計畫裡面所調整的部分就是,針對我們原來不符合計畫內所調整的部分就是,0.904761904761905,0.095238095238095,"['針對我們原來不符合計畫', '所調整的部分就是', '']"
1026,是包含軍方遷建到那個,是不包喊脂肪簽見到那個,0.5,0.6,"['是', '包', '到那個', '']"
1027,一百零九年要來執行的時候是有一些落差的,來一九年不要來自行的這是有一些摩查等,0.578947368421053,0.526315789473684,"['一', '九年', '要來', '行的', '是有一些', '']"
1028,現在國發會只給你兩億多兩億五千萬,是得國奧給力兩一多養義死下來,0.25,0.75,"['國', '給', '兩', '多', '']"
1029,那國發會叫你廁所的設計修改只省兩千萬,國防整一廁所的設計收的自次感結外,0.333333333333333,0.666666666666667,"['國', '廁所的設計', '']"
1030,但是現在國發會經過審查以後,但是現的國會軍的審查以後,0.692307692307692,0.307692307692308,"['但是現', '國', '會', '審查以後', '']"
1031,不是這個裡面十二億的部分是,不是這個裡面十二一的公分是,0.846153846153846,0.153846153846154,"['不是這個裡面十二', '的', '分是', '']"
1032,擺成獨立了這個部分他覺得不妥,那百成獨立的對部分他覺得不同,0.642857142857143,0.428571428571429,"['成獨立', '部分他覺得不', '']"
1033,整個計畫作為的時候其實是跟,整個計畫對為的所其十四跟,0.615384615384615,0.384615384615385,"['整個計畫', '為的', '其', '跟', '']"
1034,指台南榮家的部分我們當初講十五億的,是排入價不份我們到不長素業,0.117647058823529,0.882352941176471,"['我們', '']"
1035,還是要請我們調降下來我們預估,還最要請我們條降下了我們預估,0.785714285714286,0.214285714285714,"['還', '要請我們', '降下', '我們預估', '']"
1036,現在這一次所有偵附需要,性的這一次所有增副需要,0.636363636363636,0.363636363636364,"['這一次所有', '需要', '']"
1037,代辦機關出來的就是兩億五千萬,裁辦具關出來的就是兩一五前萬,0.714285714285714,0.285714285714286,"['辦', '關出來的就是兩', '五', '萬', '']"
1038,根據你們的方式,聚年的懂折幫自車子,0.142857142857143,1.28571428571429,"['的', '']"
1039,幾年了現在你們,幾年了了現在點的,0.714285714285714,0.428571428571429,"['幾年了', '現在', '']"
1040,結果你們從十二億多調到十七億,電點重小了一多條的時期,0.071428571428572,0.928571428571429,"['多', '']"
1041,找設計師重新訪價,找設計師從因房價,0.625,0.375,"['找設計師', '價', '']"
1042,因為包含這個物價的調整,對把這個部長的調整,0.454545454545455,0.545454545454545,"['這個', '的調整', '']"
1043,這裡面當然包含我們,很這略當然包含我們,0.777777777777778,0.333333333333333,"['這', '當然包含我們', '']"
1044,調整的部分都是經過,調整的部分都是經過,1,0,"['調整的部分都是經過', '']"
1045,看起來短差不多將近五億,看著短查早將炯無意,0.272727272727273,0.727272727272727,"['看', '短', '將', '']"
1046,我們代辦機關,水國和龍代辦機關,0.666666666666667,0.666666666666667,"['代辦機關', '']"
1047,夠不夠你還是流標嗎,不更點自個變嗎,0.222222222222222,0.777777777777778,"['不', '嗎', '']"
1048,房舍共用廁所的,房子退用廁作的,0.571428571428571,0.428571428571429,"['房', '用廁', '的', '']"
1049,報告我們沒有報五億,包爸我們沒有辦意,0.444444444444444,0.555555555555556,"['我們沒有', '']"
1050,出來以後的一個結果,出來由後的一個結果,0.888888888888889,0.111111111111111,"['出來', '後的一個結果', '']"
1051,他也只給你兩億多,帶嘴利然一隊,0,1,['']
1052,那筆錢還是要花嗎,比誰下下吧,0,1,['']
1053,安養四十間,阿兩次之間,0.2,0.8,"['間', '']"
1054,實際我們現在,此機我們現代,0.5,0.5,"['我們現', '']"
1055,報了將近五億,報了證警無意,0.333333333333333,0.666666666666667,"['報了', '']"
1056,他認為你按照原來一百零五年的編列標準到一百零九年,他認為沒按照原來一百一林的給著到的到一百零九年,0.666666666666667,0.333333333333333,"['他認為', '按照原來一百', '的', '到一百零九年', '']"
1057,我們希望在三月十八號之前取得這個修正計畫的核定,準希望在三月十八告自己取得這個修的句話的核理,0.608695652173913,0.391304347826087,"['希望在三月十八', '取得這個修', '的核', '']"
1058,那另外還有一個項目就是針對停車場的這個部分,來另外有一個項目就是針對停車場的這個部分,0.904761904761905,0.095238095238095,"['另外', '有一個項目就是針對停車場的這個部分', '']"
1059,就結束了是不是,所解作是實,0.142857142857143,0.857142857142857,"['是', '']"
1060,現在其實已經在公開招標了,呃甚了侄子語已應該公開到表,0.25,0.916666666666667,"['已', '公開', '']"
1061,因為到四月份就到期所以我們希望,因到四月份就報去所我們失,0.6,0.4,"['因', '到四月份就', '所', '我們', '']"
1062,你們從開始到現在拖了幾年了,回的陳開銷下托特幾念的,0.153846153846154,0.846153846153846,"['開', '幾', '']"
1063,三月份再流標這個案子會怎麼樣,在月份在流標自來做這樣,0.428571428571429,0.642857142857143,"['月份', '流標', '這', '樣', '']"
1064,購案招標文件的修正,動案都標五店的修正,0.555555555555556,0.444444444444444,"['案', '標', '的修正', '']"
1065,重新調整完以後報修正計畫,陳經調等玩一部帶休的計畫,0.25,0.75,"['調', '計畫', '']"
1066,代辦機關找設計單位,帶的舉辦早四機單位,0.444444444444444,0.777777777777778,"['辦', '機', '單位', '']"
1067,建照過期了你要怎麼展延,到再過起業也所戰業,0.090909090909091,0.909090909090909,"['過', '']"
1068,如果有需要做微幅的調整,如果有需要對維土的調整,0.727272727272727,0.272727272727273,"['如果有需要', '的調整', '']"
1069,三月份再流標這個工程會怎麼樣,三月份在流標這動作怎麼,0.571428571428571,0.428571428571429,"['三月份', '流標這', '怎麼', '']"
1070,這個建照的部分還要再努力,是震到的部分還要等努力,0.583333333333333,0.416666666666667,"['的部分還要', '努力', '']"
1071,這個案子裡面後面比較大的問題,三個明天後面比較把問,0.428571428571429,0.571428571428571,"['個', '後面比較', '問', '']"
1072,所以這個部分我們會請,最這個部分我們會盡,0.7,0.3,"['這個部分我們會', '']"
1073,所以這個進度的延宕,還稅這進度的營感,0.444444444444444,0.555555555555556,"['這', '進度的', '']"
1074,台南市政府也會配合,他自政府也被配合,0.555555555555556,0.444444444444444,"['政府也', '配合', '']"
1075,會再掛上網去招標,會在報早我去造量,0.25,0.75,"['會', '去', '']"
1076,會調整兩千多萬,會條點兩千多萬,0.714285714285714,0.285714285714286,"['會', '兩千多萬', '']"
1077,這裡面有一點點差價,比隊有一點列差量,0.444444444444444,0.555555555555556,"['有一點', '差', '']"
1078,三月份再流標會怎麼樣,三日個在流表不這麼,0.3,0.7,"['三', '流', '麼', '']"
1079,是建照的部分,一是見到的部分,0.666666666666667,0.5,"['是', '的部分', '']"
1080,這個案子還可以繼續展延嗎,甩仔的急載點們,0,1,['']
1081,那些望在短期之內,那希望的短期資內,0.625,0.375,"['那', '望', '短期', '內', '']"
1082,這部分也要減列,這部會了解妹,0.285714285714286,0.714285714285714,"['這部', '']"
1083,起始營區的部分,沒元一區的部份,0.428571428571429,0.571428571428571,"['區的部', '']"
1084,盡快核定這個案子,盡快合避的來,0.25,0.75,"['盡快', '']"
1085,能夠順利來進行,沒有最裡來進行,0.428571428571429,0.571428571428571,"['來進行', '']"
1086,那這個部分,那這個不份,0.6,0.4,"['那這個', '']"
1087,能夠正式的來,那頓死的來,0.333333333333333,0.666666666666667,"['的來', '']"
1088,交付或其他不正當方法取得之營業秘密資訊,小付其他不正當方法取得自音樂面妹資訊,0.631578947368421,0.368421052631579,"['付', '其他不正當方法取得', '資訊', '']"
1089,好謝謝王定宇王委員來李副主委人請回,只行網地王的不助等景配,0.058823529411765,0.941176470588235,"['王', '']"
1090,敵對勢力以刺探收集竊取洩漏,的是利一次的收職竊取泄露,0.230769230769231,0.769230769230769,"['收', '竊取', '']"
1091,算是我們情報機關認定足以影響,算至我們請報機關正變足於影響,0.642857142857143,0.357142857142857,"['算', '我們', '報機關', '足', '影響', '']"
1092,影響到台南好幾個跨區的,影想召開在逃幾的過區的,0.363636363636364,0.636363636363636,"['影', '幾', '區的', '']"
1093,到底是橫向跟國發會通的問題,到底是很想跟國花被貴的問題,0.615384615384615,0.384615384615385,"['到底是', '跟國', '的問題', '']"
1094,好不好我會繼續追蹤這個案子謝謝,和計續最都在早謝,0.133333333333333,0.866666666666667,"['續', '謝', '']"
1095,那流標的話最壞的打算,那表掉的價這把的打算,0.5,0.5,"['那', '的', '的打算', '']"
1096,這個跟局長來討論一下,這個跟直打來討論下,0.7,0.3,"['這個跟', '來討論', '下', '']"
1097,其實過去這幾年也都很多人在關心,其實過去的幾年動端的關係,0.466666666666667,0.533333333333333,"['其實過去', '幾年', '關', '']"
1098,那到的這個大同公司,好那到的這個打動當時,0.555555555555556,0.555555555555556,"['那到的這個', '']"
1099,你不能保證一定標出去我坦白講,你一個的寶自己這高做需要他來講,0.214285714285714,0.928571428571429,"['你', '一', '講', '']"
1100,修正之後第七條的部分,手正則要第七條的度算啦,0.5,0.6,"['正', '第七條的', '']"
1101,明訂為外國勢力或境外,你地名被外國斯六或之外,0.4,0.7,"['外國', '或', '外', '']"
1102,到三月份如果流標這個案子得要,在三月個多流掉自來子料,0.285714285714286,0.714285714285714,"['三月', '個', '子', '']"
1103,剛才我也聊到這個國家,欸大照我沒聊到著國家,0.5,0.6,"['我', '聊到', '國家', '']"
1104,延伸出來變戰略情報,結順出來變在,0.333333333333333,0.666666666666667,"['出來變', '']"
1105,這一個工程,這個這個工程,0.8,0.4,"['這', '個工程', '']"
1106,還是我們內部整理資料太慢,還從內部這比照拍慢,0.333333333333333,0.666666666666667,"['還', '內部', '慢', '']"
1107,那怎麼會搞成這個樣子,想麼打資這樣子,0.4,0.6,"['麼', '這', '樣子', '']"
1108,定義上來講其實,第上來講其實,0.714285714285714,0.285714285714286,"['上來講其實', '']"
1109,最近有蠻多人在,所這就蠻都人待,0.285714285714286,0.714285714285714,"['蠻', '人', '']"
1110,國安的情報,安的傾導,0.4,0.6,"['安的', '']"
1111,情蒐跟研悉對不對,請銷本演習的人,0,1,['']
1112,有些非戰之罪,我現非在之罪,0.5,0.5,"['非', '之罪', '']"
1113,那時候你要有些交代喔,那所立要去交大,0.3,0.7,"['那', '要', '交', '']"
1114,但有些我覺得,有效覺得,0.5,0.5,"['有', '覺得', '']"
1115,理論上原則上應該是,欸各長原的爛的,0.111111111111111,0.888888888888889,"['原', '']"
1116,如果到三月份,不了三月份,0.5,0.5,"['三月份', '']"
1117,建照要重新來,解到手起來,0.166666666666667,0.833333333333333,"['來', '']"
1118,也就說現在,也就算這在,0.6,0.4,"['也就', '在', '']"
1119,商業間諜也,三月件別,0,1,['']
1120,自己的不是我們要去聽就聽得,數舉的不作我們要去評種聽的,0.538461538461538,0.461538461538462,"['的不', '我們要去', '聽', '']"
1121,我們公務門沒有好介入,門定多的救了,0.1,0.9,"['門', '']"
1122,我們平常對於外外來,成平種對快外,0.333333333333333,0.666666666666667,"['平', '對', '外', '']"
1123,這個相關的情報的掌握是什麼樣,這個相關的情報的掌握是怎麼樣,0.928571428571429,0.071428571428572,"['這個相關的情報的掌握是', '麼樣', '']"
1124,也要經過一定的程序要經過,軍規定程序可峻蔚,0.25,0.75,"['定', '程序', '']"
1125,市場派的這個三圓建設,市場派的這個參用建策,0.7,0.3,"['市場派的這個', '建', '']"
1126,的資訊我們會掌握,的具有持雄會重了,0.25,0.75,"['的', '會', '']"
1127,我們就算要,我們做到用,0.4,0.6,"['我們', '']"
1128,這個事情如果是民間,做蘇命多明確,0,1,['']
1129,近一步的增資,是過重況政治,0,1,['']
1130,關係到經營權是不是易主,發現到精全示輪地主,0.181818181818182,0.818181818181818,"['到', '主', '']"
1131,在其中其實一直備受關注的,那其中解是一直備受關,0.583333333333333,0.416666666666667,"['其中', '一直備受關', '']"
1132,當然是包括這個市場派的,法日包括者市長開的,0.363636363636364,0.636363636363636,"['包括', '市', '的', '']"
1133,的董事長王光祥的,董事長楊動想的,0.5,0.5,"['董事長', '的', '']"
1134,跟中國知名的地產商,跟整個真年的地產商,0.555555555555556,0.444444444444444,"['跟', '的地產商', '']"
1135,我跟委員報告,呃國我共為報,0.333333333333333,1,"['我', '報', '']"
1136,那過去當然是被,來過去的蘭是備,0.428571428571429,0.571428571428571,"['過去', '是', '']"
1137,我們不會直接就涉入,本各輸修有攝,0,1,['']
1138,那麼而且是我們,和絕熱我門,0.142857142857143,0.857142857142857,"['我', '']"
1139,但有一些國內的,有躍國內寶,0.428571428571429,0.571428571428571,"['有', '國內', '']"
1140,看當中我們也發覺,看動作物也發覺,0.5,0.5,"['看', '也發覺', '']"
1141,任國龍有關係,那國老友關係,0.5,0.5,"['國', '關係', '']"
1142,那到月底的時候要,到對比的手量,0.25,0.75,"['到', '的', '']"
1143,發覺疑點以後,他的一點與後,0.333333333333333,0.666666666666667,"['點', '後', '']"
1144,拿這個案子來問,查的案子來,0.428571428571429,0.571428571428571,"['案子來', '']"
1145,為什麼我會特別,為什麼會特別,0.857142857142857,0.142857142857143,"['為什麼', '會特別', '']"
1146,我們一定會先問一下,本立額休會的,0.111111111111111,0.888888888888889,"['會', '']"
1147,那不知道局長對於,那不到局長貝,0.5,0.5,"['那不', '局長', '']"
1148,召開的股東會,召開的股動會,0.833333333333333,0.166666666666667,"['召開的股', '會', '']"
1149,其實在媒體上面,謝實在美底商秒,0.285714285714286,0.714285714285714,"['實在', '']"
1150,相關的部會,相關的不貴,0.6,0.4,"['相關的', '']"
1151,整個案件在,什麼安覺的,0,1,['']
1152,這個事情除了這個權責單位在追以外,這個事情竹了的權責單位在這與外,0.6875,0.3125,"['這個事情', '了', '權責單位在', '外', '']"
1153,不知道局長這邊你們的掌握的狀況是,早局長這邊你們的掌握的狀況式,0.75,0.25,"['局長這邊你們的掌握的狀況', '']"
1154,違法繞道投資大同公司百分之十八,違法遭到投資打的王是是爸爸,0.266666666666667,0.733333333333333,"['違法', '投資', '']"
1155,這個將近百分之十五的股份,這個假接受發的股份,0.416666666666667,0.583333333333333,"['這個', '的股份', '']"
1156,所以我想特別在這邊問的原因就是,所我想特別的這邊萬的員就是,0.666666666666667,0.333333333333333,"['所', '我想特別', '這邊', '的', '就是', '']"
1157,隨之隨即就有兩大外資,水之隨機者有兩大外資,0.7,0.3,"['之隨', '有兩大外資', '']"
1158,他們如果招開這方面研討會的時候,當若照的是幫研討配合,0.133333333333333,0.866666666666667,"['研討', '']"
1159,提供我們所掌握到的訊息,提本我們所掌握報訊息,0.727272727272727,0.272727272727273,"['提', '我們所掌握', '訊息', '']"
1160,那我會特別在這邊問局長是因為,美我特別的為穩局場是因為,0.5,0.5,"['我', '特別', '局', '是因為', '']"
1161,那但是在他出清股份以後,那但是在大租金股份由,0.545454545454545,0.454545454545455,"['那但是在', '股份', '']"
1162,證實這個百分之十八已經都處分了,暫實這十八百軍的處分,0.4,0.6,"['實這', '十八', '處分', '']"
1163,所以被懷疑是左手換右手,這被懷於左所伴用,0.272727272727273,0.727272727272727,"['被懷', '左', '']"
1164,投資專戶吃下,虧掌股私下,0.166666666666667,0.833333333333333,"['下', '']"
1165,那繞這個繞,那造這個而造,0.6,0.6,"['那', '這個', '']"
1166,我們去參與參與了以後,本去參與有,0.3,0.7,"['去參與', '']"
1167,我先跟你說明一下,那個人說明下喔,0.375,0.75,"['說明', '下', '']"
1168,委員講過將,光員掌握專,0.2,0.8,"['員', '']"
1169,關於別的部會的,欸以別的到隊了,0.285714285714286,0.714285714285714,"['別的', '']"
1170,跟龍峰國際透過,可龍分國際透過,0.714285714285714,0.285714285714286,"['龍', '國際透過', '']"
1171,當然這個有媒體報導說,當然這個有媒體報告,0.8,0.2,"['當然這個有媒體報', '']"
1172,就已經這個金管會,監這個監討會,0.375,0.625,"['這個', '會', '']"
1173,國安單位有所掌握,所安單位有所掌握,0.875,0.125,"['安單位有所掌握', '']"
1174,我跟委員報告,中於報,0.166666666666667,0.833333333333333,"['報', '']"
1175,這些狀況我們會掌握,出證會掌握,0.333333333333333,0.666666666666667,"['會掌握', '']"
1176,就是金管會其實在,就是監管位決賽,0.375,0.625,"['就是', '管', '']"
1177,也會邀請我們去,會到去我們去,0.571428571428571,0.428571428571429,"['會', '我們去', '']"
1178,有看到一個相關報導,看到一個相關報導,0.888888888888889,0.111111111111111,"['看到一個相關報導', '']"
1179,那所以要求處分,他所要求煮飯,0.428571428571429,0.571428571428571,"['所', '要求', '']"
1180,就認定任國龍,核認變證國能,0.333333333333333,0.666666666666667,"['認', '國', '']"
1181,那去年終的時候,那去年中的時候,0.857142857142857,0.142857142857143,"['那去年', '的時候', '']"
1182,他人的名義,他能民意,0.2,0.8,"['他', '']"
1183,去年一月的時候,一月的時,0.571428571428571,0.428571428571429,"['一月的時', '']"
1184,的這個全軍公文檔案管理系統,的這個陳真公文檔案管理系導,0.769230769230769,0.230769230769231,"['的這個', '公文檔案管理系', '']"
1185,關單位可以掌握資料跟做的情蒐,單位給找握資料跟做的輕鬆,0.571428571428571,0.428571428571429,"['單位', '握資料跟做的', '']"
1186,所以這邊我們當然會非常的,這邊我們大會被查了,0.416666666666667,0.583333333333333,"['這邊我們', '會', '']"
1187,我們現在各級政府的這相關案子,我們下各級政府的這相法案,0.714285714285714,0.285714285714286,"['我們', '各級政府的這相', '案', '']"
1188,不用講總統府的案子,得中況組的案子來,0.333333333333333,0.777777777777778,"['的案子', '']"
1189,很多人會關心大同公司的,很多人會關心打到公司的,0.818181818181818,0.181818181818182,"['很多人會關心', '公司的', '']"
1190,這個權責單位當然會去追查,的全責單位到我就最查然,0.333333333333333,0.75,"['責單位', '查', '']"
1191,希望說這個跟權責單位因為,希望做這跟權則答位用,0.5,0.5,"['希望', '這', '跟權', '位', '']"
1192,還有戰區管理系資訊系統,還占具管理師資訊去等,0.454545454545455,0.545454545454545,"['還', '管理', '資訊', '']"
1193,他其實有做電子系統這些,那解釋這電子系統這些,0.545454545454545,0.454545454545455,"['電子系統這些', '']"
1194,立法院的這些資料拉,立法院的這些資料了,0.888888888888889,0.111111111111111,"['立法院的這些資料', '']"
1195,一般的權責單位可能又不太一樣,一般的全責單位改個不太一樣,0.714285714285714,0.285714285714286,"['一般的', '責單位', '不太一樣', '']"
1196,承包的承接的這些業務,承報的承接罪業,0.5,0.5,"['承', '的承接', '業', '']"
1197,因為他除了是家電以外,所要主要是家電影外,0.4,0.6,"['是家電', '外', '']"
1198,國安單位有掌握了,館單位要掌握,0.5,0.5,"['單位', '掌握', '']"
1199,而且他這方面產品其實,了解來這方備產品間,0.4,0.6,"['這方', '產品', '']"
1200,一些輿論上面的說明,培謝娛樂上面的說明,0.555555555555556,0.444444444444444,"['上面的說明', '']"
1201,所以我想局長當然,所以響品質長辦,0.375,0.625,"['所以', '長', '']"
1202,專責情蒐的電展室,專著輕騷的電展示,0.5,0.5,"['專', '的電展', '']"
1203,其實到國防部裡面,其實到個防部裡面,0.875,0.125,"['其實到', '防部裡面', '']"
1204,有資料是說,有資料之說,0.8,0.2,"['有資料', '說', '']"
1205,等等這些機密資料,那個這些機密資的,0.625,0.375,"['這些機密資', '']"
1206,這個大同公司他,這個大光室來,0.428571428571429,0.571428571428571,"['這個大', '']"
1207,司法院的資料等等,四法院的資料跟的,0.625,0.375,"['法院的資料', '']"
1208,多講就說為什麼,講的示為什麼,0.571428571428571,0.428571428571429,"['講', '為什麼', '']"
1209,包了很多台灣,好冷都台灣,0.333333333333333,0.666666666666667,"['台灣', '']"
1210,這個經營狀況,這今營狀況,0.666666666666667,0.333333333333333,"['這', '營狀況', '']"
1211,嚴密性當然跟,也密性的,0.333333333333333,0.666666666666667,"['密性', '']"
1212,這邊可能也不用我,是這邊的那一邊,0.25,0.875,"['這邊', '']"
1213,這方面的產品,這方面的產品,1,0,"['這方面的產品', '']"
1214,但是我們看到了,但是我們看到,0.857142857142857,0.142857142857143,"['但是我們看到', '']"
1215,其實這些都是,十四是都是,0.333333333333333,0.666666666666667,"['都是', '']"
1216,對待的地方所以我這邊想進一步問局長就是說,所的預法就有的隊的進公管局長就座,0.25,0.75,"['所', '進', '局長就', '']"
1217,不代表他早上開完會資訊出去就不管了,帶個聊找到開會合蘇人衝去主吧,0.176470588235294,0.882352941176471,"['開', '會', '去', '']"
1218,這個現在民間企業商業的這個,這個現在明天七業三月的這個,0.615384615384615,0.384615384615385,"['這個現在', '業', '的這個', '']"
1219,可能會影響國安的原因因為其實現在商業,可能會一響國安的元尤其是社商業,0.555555555555556,0.444444444444444,"['可能會', '響國安的', '其', '商業', '']"
1220,這個一般的權責單位行政單位還要,這個一般的全責單位請各單位還要,0.8,0.2,"['這個一般的', '責單位', '單位還要', '']"
1221,可能有些及時,有力起死做高委員同燈,0.166666666666667,1.66666666666667,"['有', '']"
1222,這個國安的相關的,這個公安的相關的,0.875,0.125,"['這個', '安的相關的', '']"
1223,從到局裡面服務以後,導居民服與後,0.222222222222222,0.777777777777778,"['服', '後', '']"
1224,目前跟權責機關,目前跟權責計畫,0.714285714285714,0.285714285714286,"['目前跟權責', '']"
1225,我每天早上有個會議,們院小段我會音,0.222222222222222,0.888888888888889,"['我', '會', '']"
1226,都會有必需要更嚴謹,會有必須要半年景,0.444444444444444,0.555555555555556,"['會有必', '要', '']"
1227,恐怕是國安單位會比,恐怕的關單位會避,0.555555555555556,0.444444444444444,"['恐怕', '單位會', '']"
1228,乃至於他承包相關的工作,是來最達成發相關本所,0.181818181818182,0.818181818181818,"['相關', '']"
1229,有沒有及時性的聯繫,及時性的聯繫,0.666666666666667,0.333333333333333,"['及時性的聯繫', '']"
1230,這會議就把當天,做故意就保動電,0.142857142857143,0.857142857142857,"['就', '']"
1231,所以我想這也是,曾與核下再也助,0.142857142857143,0.857142857142857,"['也', '']"
1232,商業間諜列入,呃商業陣給列容,0.5,0.666666666666667,"['商業', '列', '']"
1233,金這個金管會這些的,今這經趕快這些的,0.444444444444444,0.555555555555556,"['這', '這些的', '']"
1234,這晴空法第七條為什麼我們把,請問把地起調怎麼辦,0.076923076923077,0.923076923076923,"['把', '']"
1235,很多他跟我們的政府,的他跟我們的政府,0.777777777777778,0.222222222222222,"['他跟我們的政府', '']"
1236,即時性的聯繫怎麼樣,其資深的聯系怎麼量,0.444444444444444,0.555555555555556,"['的聯', '怎麼', '']"
1237,如同我剛剛講的有一些,主動八獎原心,0,1,['']
1238,回應道剛才我剛剛講,回應大剛早八講的,0.444444444444444,0.666666666666667,"['回應', '剛', '講', '']"
1239,是我跟委員報告,共報,0.142857142857143,0.857142857142857,"['報', '']"
1240,資訊的這個連結,資訊的這個聯結,0.857142857142857,0.142857142857143,"['資訊的這個', '結', '']"
1241,這當中白天,這東作白院,0.4,0.6,"['這', '白', '']"
1242,資訊的掌握,生市的掌握,0.6,0.4,"['的掌握', '']"
1243,或昨天狀況,隔列狀況,0.4,0.6,"['狀況', '']"
1244,橫向的聯繫,很享的聯繫,0.6,0.4,"['的聯繫', '']"
1245,清楚那所以這個,請楚來在這個,0.428571428571429,0.571428571428571,"['楚', '這個', '']"
1246,包括經濟部,好告經濟度,0.4,0.6,"['經濟', '']"
1247,這我們同步的,這傳動的,0.333333333333333,0.666666666666667,"['這', '的', '']"
1248,做的這個國安層級的這個分類是不是,是的這個國安成級個這分配之,0.5,0.5,"['的這個國安', '級', '個', '分', '']"
1249,來去做這個影響的評估那,來具作這個影響的評估爛,0.727272727272727,0.272727272727273,"['來', '這個影響的評估', '']"
1250,因為現在這些方面的危害,日訊的是方面各個危開,0.272727272727273,0.818181818181818,"['方面', '危', '']"
1251,影響到國安的這個部分也是成為,請想的國安的這部分也是成為,0.714285714285714,0.285714285714286,"['國安的這', '部分也是成為', '']"
1252,在針對我們剛剛講這晴空法,在針對我們大講個情燈買,0.5,0.5,"['在針對我們', '講', '']"
1253,商業間諜乃至於說民間企業,商業見諜的最說明天企業,0.5,0.5,"['商業', '諜', '說', '企業', '']"
1254,對於現在這些民間企業,對於市在這些明間企,0.7,0.3,"['對於', '在這些', '間企', '']"
1255,報告委員就是你才講,委因為正裡代講,0.222222222222222,0.777777777777778,"['委', '講', '']"
1256,就會給相關的部會,就會上班的不會,0.5,0.5,"['就會', '的', '會', '']"
1257,不光完全公部門,薄完全歐門,0.428571428571429,0.571428571428571,"['完全', '門', '']"
1258,在近一步請教就是說局長,在最不請加就所職長,0.363636363636364,0.636363636363636,"['在', '請', '就', '長', '']"
1259,合作無間是必然要有的,合作不就必然又有,0.5,0.5,"['合作', '必然', '有', '']"
1260,所有的企業全部做情蒐嗎,所的企業陳部就輕消晚,0.454545454545455,0.545454545454545,"['所', '的企業', '部', '']"
1261,是用分類的方法,是認分隊的方法,0.714285714285714,0.285714285714286,"['是', '分', '的方法', '']"
1262,去做情這個,製作請這個,0.4,0.6,"['這個', '']"
1263,我們再情蒐,所們在輕鬆,0.2,0.8,"['們', '']"
1264,所以我想請問一下局長這邊,所後的全問下居早這邊,0.416666666666667,0.583333333333333,"['所', '問', '下', '這邊', '']"
1265,委員也有講到,熊麼為有繳到,0.333333333333333,0.666666666666667,"['有', '到', '']"
1266,還是有什麼其他的方式,還是有什麼其他的發式,0.9,0.1,"['還是有什麼其他的', '式', '']"
1267,單位或者人員啦,為過的人員啊,0.285714285714286,0.714285714285714,"['人員', '']"
1268,對全台灣的這些,水全台灣的這些,0.857142857142857,0.142857142857143,"['全台灣的這些', '']"
1269,的能量有限喔我們不可能,那在有線同都可人,0.181818181818182,0.818181818181818,"['有', '可', '']"
1270,就會造成全國,就會走的全果,0.5,0.5,"['就會', '全', '']"
1271,影響到公部門的話,你找了工門,0.125,0.875,"['門', '']"
1272,但是其實國安局,那自只是觀安,0.285714285714286,0.857142857142857,"['是', '安', '']"
1273,你民間單位,明軍都位,0.2,0.8,"['位', '']"
1274,工作上面的內容,但做上面的內容,0.714285714285714,0.285714285714286,"['上面的內容', '']"
1275,情蒐的必要性,請鬆的個必要性,0.666666666666667,0.5,"['的', '必要性', '']"
1276,第七條現在把,第其表現在把,0.666666666666667,0.333333333333333,"['第', '現在把', '']"
1277,這我跟委員報告,這共勞,0.142857142857143,0.857142857142857,"['這', '']"
1278,都會有這個危害,所有助,0.142857142857143,0.857142857142857,"['有', '']"
1279,所以在這方面都,除就班了,0,1,['']
1280,看他們是竊取我們民間的資訊,和他們是竊止我們民間的執訊,0.769230769230769,0.230769230769231,"['他們是竊', '我們民間的', '訊', '']"
1281,如同我們所得知的一些消息,租龍我們所的這一些小息,0.583333333333333,0.5,"['我們所', '的', '一些', '息', '']"
1282,在這方面我們把它列為我們的情蒐重點,是這方面麻對為我們們的親車重點,0.529411764705882,0.529411764705882,"['這方面', '為我們', '的', '重點', '']"
1283,中共對我們的商業的竊密,生動對我們的相業的確密,0.636363636363636,0.363636363636364,"['對我們的', '業的', '密', '']"
1284,還是我們要做民間企業,還是我們要做民間企業,1,0,"['還是我們要做民間企業', '']"
1285,那這部分我們有統合各國安單位,那這不分我們有騰個樂管單位,0.571428571428571,0.428571428571429,"['那這', '分我們有', '單位', '']"
1286,高科技的竊密中共是比較,高科技的清密切這共是比較,0.818181818181818,0.272727272727273,"['高科技的', '密', '共是比較', '']"
1287,這部份我們都會出去逐漸的來,不我們都主器之接的來,0.384615384615385,0.615384615384615,"['我們都', '的來', '']"
1288,我們就是一定來去對他們這個,們就是一也定來去對他們這個,0.923076923076923,0.153846153846154,"['們就是一', '定來去對他們這個', '']"
1289,國安層級有得到一些情蒐,成己有的到一些青銷有,0.363636363636364,0.727272727272727,"['有', '到一些', '']"
1290,不管是政府層級還是民間層級,完的政府深建的面間成解者,0.230769230769231,0.846153846153846,"['政府', '間', '']"
1291,我們現在比較重視就說,的本們秀代別正式就所,0.2,0.9,"['們', '就', '']"
1292,前面稍微有聊到我想這應該不是,前面掃有聊到羅兩在兩,0.357142857142857,0.642857142857143,"['前面', '有聊到', '']"
1293,會應用的設施,天用的這設施,0.666666666666667,0.5,"['用的', '設施', '']"
1294,但是我剛才問的這一塊,但是我剛載問的這一款,0.8,0.2,"['但是我剛', '問的這一', '']"
1295,進入到民間企業裡面可能,進入大明天接裡面可能,0.545454545454545,0.454545454545455,"['進入', '裡面可能', '']"
1296,就是說如果他是直接,從如果他是直接,0.666666666666667,0.333333333333333,"['如果他是直接', '']"
1297,影響的某些民間企業,影響的某些每間企業,0.888888888888889,0.111111111111111,"['影響的某些', '間企業', '']"
1298,或是應用的這一些,這行用的真一修,0.375,0.625,"['用的', '一', '']"
1299,還是政府的資訊嗎對不對,還是政府的資訊把社類,0.636363636363636,0.363636363636364,"['還是政府的資訊', '']"
1300,機密啦就是以跳板,其敏了就是一跳板,0.5,0.5,"['就是', '跳板', '']"
1301,些是屬於公司之間,謝實水更時之間,0.25,0.75,"['之間', '']"
1302,就是類似剛剛我們,就歲類子達我們,0.5,0.5,"['就', '類', '我們', '']"
1303,這種商業種東西有,送相業等東西的,0.375,0.625,"['業', '東西', '']"
1304,也得到一些情資的話,得到家請資的話,0.555555555555556,0.444444444444444,"['得到', '資的話', '']"
1305,這個可能的元件,這個可能的原件,0.857142857142857,0.142857142857143,"['這個可能的', '件', '']"
1306,所以我想應該,這舊務者軍感,0,1,['']
1307,怎麼樣來侵入我們,怎麼要的金我們,0.5,0.5,"['怎麼', '我們', '']"
1308,比較比較嚴重,是著比較嚴重,0.666666666666667,0.333333333333333,"['比較嚴重', '']"
1309,他們侵入我們的,他們進入我們的,0.857142857142857,0.142857142857143,"['他們', '入我們的', '']"
1310,或是說以他們,工手以他們,0.5,0.5,"['以他們', '']"
1311,特別是現在對,這比是設對,0.333333333333333,0.666666666666667,"['是', '對', '']"
1312,委員剛剛關切的幾個問題我們都一直在做業,這名工工具取共平我們的於子死效注意,0.105263157894737,0.947368421052632,"['我們', '']"
1313,哪怕局長一年他做不完我們接著,打到者一年了做管我具的,0.285714285714286,0.714285714285714,"['一年', '做', '我', '']"
1314,各層級政府部門的這些業務,的成績政府部門不再些業務,0.583333333333333,0.416666666666667,"['政府部門', '些業務', '']"
1315,精密工業這方面我們目前,生玉玲把等也是保面網目旋,0.181818181818182,1,"['面', '目', '']"
1316,所以有一些案件的投資阿,所有的案者做投資,0.454545454545455,0.545454545454545,"['所', '有', '的', '投資', '']"
1317,因為可能因為他包了更多台灣,因為可能有到包了更多台灣,0.769230769230769,0.230769230769231,"['因為可能', '包了更多台灣', '']"
1318,這些預算也是針對我們所需要的,所成預算有的針對我所需要,0.571428571428571,0.428571428571429,"['預算', '針對我', '所需要', '']"
1319,影響國安層級一個分類,影想國安成級的一個分類,0.8,0.3,"['影', '國安', '級', '一個分類', '']"
1320,這個嚴謹的這一個,這個嚴謹的這個,0.875,0.125,"['這個嚴謹的這', '個', '']"
1321,這個第七條所新增的這個負荷嗎,這個地記表走新增的這個份的嗎,0.571428571428571,0.428571428571429,"['這個', '新增的這個', '嗎', '']"
1322,可能是因為她涉及的這些業務,北是要的設及個這些因務,0.384615384615385,0.615384615384615,"['是', '的', '這些', '務', '']"
1323,這一個這個觀察,這個這個觀察,0.857142857142857,0.142857142857143,"['這', '個這個觀察', '']"
1324,那以及我們應該做什麼樣情蒐,以及我們改做那緊鬆,0.384615384615385,0.615384615384615,"['以及我們', '做', '']"
1325,也就是說哪一些企業我們,就松哪預就之業,0.272727272727273,0.727272727272727,"['就', '哪', '業', '']"
1326,我們在逐步的強化,呃我的逐步的橋寶,0.5,0.625,"['我', '逐步的', '']"
1327,上面我們現在有辦法因應,上沒我們在辦法因應,0.727272727272727,0.272727272727273,"['上', '我們', '在', '辦法因應', '']"
1328,像剛才講分類的問題,上告了漲分類問題,0.444444444444444,0.555555555555556,"['分類', '問題', '']"
1329,但我也會逐年來做檢討,等有足你了做權討,0.2,0.8,"['做', '討', '']"
1330,民間企業的一個分級,民間企業的的分級,0.777777777777778,0.222222222222222,"['民間企業的', '分級', '']"
1331,應該是要來做一個分類,新改最要來做個分類,0.6,0.4,"['要來做', '個分類', '']"
1332,必須要對他們做更,謝需要對他們做更,0.75,0.25,"['要對他們做更', '']"
1333,目前我就把它放在哪,目學管寶放的,0.222222222222222,0.777777777777778,"['目', '放', '']"
1334,問的就說預算跟編組,順個就所預算分編組,0.555555555555556,0.444444444444444,"['就', '預算', '編組', '']"
1335,所以我想對於這些,所有兩對於這些,0.625,0.375,"['所', '對於這些', '']"
1336,跟我們的國安都有關係,送的國的關係,0.4,0.6,"['的國', '關係', '']"
1337,他算一筆大宗,他專有比大中,0.333333333333333,0.666666666666667,"['他', '大', '']"
1338,我跟委員報告,的各到,0,1,['']
1339,的時候還是會希望都可以,所時希望這些,0.272727272727273,0.727272727272727,"['時', '希望', '']"
1340,來逐支編列,來主是對月,0.2,0.8,"['來', '']"
1341,我想下個會期,所想下會請,0.5,0.5,"['想下', '會', '']"
1342,我們再審預算,所我們在審預算,0.833333333333333,0.333333333333333,"['我們', '審預算', '']"
1343,一定要掌握的,有小夥,0,1,['']
1344,這個只是針對對於這個國家,這個只是針對對於這國家,0.916666666666667,0.083333333333333,"['這個只是針對對於這', '國家', '']"
1345,因為這個大概是全世界現在有一個趨勢,所要這個大單是全世謝現在人一個趨勢,0.705882352941176,0.294117647058824,"['這個大', '是全世', '現在', '一個趨勢', '']"
1346,政府機關的這一個部分的情蒐,政府機關的這一個部分的青鬆已,0.846153846153846,0.230769230769231,"['政府機關的這一個部分的', '']"
1347,看到這一塊我們有足夠的能量,看到這快我們有主夠能量,0.692307692307692,0.307692307692308,"['看到這', '我們有', '夠', '能量', '']"
1348,以及這一個作戰,及這個就載,0.428571428571429,0.571428571428571,"['及這', '個', '']"
1349,來做這件事啦,來做這些事啦,0.833333333333333,0.166666666666667,"['來做這', '事啦', '']"
